time,binanceADABTCbidMax,binanceADABTCsellMin,nicehashADABTCbidMax,nicehashADABTCsellMin,okxADABTCADA-BTCbidMax,okxADABTCADA-BTCsellMin,bitstampADABTCbidMax,bitstampADABTCsellMin,
638140282208736892,0,0,0,0,1.531E-05,0,0,0,
638140282208738303,0,0,0,0,1.532E-05,0,0,0,
638140282249639776,0,0,0,0,1.532E-05,1.565E-05,0,0,
638140282266011309,0,0,0,0,1.533E-05,1.565E-05,0,0,
638140282272775800,0,0,0,0,1.533E-05,1.536E-05,0,0,
638140282360933401,0,1.538E-05,0,0,1.533E-05,1.536E-05,0,0,
638140282361725631,0,1.536E-05,0,0,1.533E-05,1.536E-05,0,0,
638140282361728595,0,1.536E-05,0,0,1.533E-05,1.535E-05,0,0,
638140282362809675,0,1.535E-05,0,0,1.533E-05,1.535E-05,0,0,
638140282379240609,1.47E-05,1.535E-05,0,0,1.533E-05,1.535E-05,0,0,
638140282380951850,1.471E-05,1.535E-05,0,0,1.533E-05,1.535E-05,0,0,
638140282394702405,1.471E-05,1.535E-05,0,0,1.533E-05,1.536E-05,0,0,
638140282397033835,1.471E-05,1.535E-05,0,0,1.533E-05,1.535E-05,0,0,
638140282410851008,1.531E-05,1.535E-05,0,0,1.533E-05,1.535E-05,0,0,
638140282410851785,1.533E-05,1.535E-05,0,0,1.533E-05,1.535E-05,0,0,
638140282411791905,1.534E-05,1.535E-05,0,0,1.533E-05,1.535E-05,0,0,
638140282463928286,1.534E-05,1.535E-05,6.57E-06,0,1.533E-05,1.535E-05,0,0,
638140282475673714,1.534E-05,1.535E-05,6.57E-06,0,1.534E-05,1.535E-05,0,0,
638140282517743852,1.534E-05,1.535E-05,6.57E-06,0,1.533E-05,1.536E-05,0,0,
638140282517744322,1.534E-05,1.535E-05,6.57E-06,0,1.533E-05,1.536E-05,0,0,
638140282519740607,1.534E-05,1.535E-05,6.57E-06,0,1.534E-05,1.535E-05,0,0,
638140282519741186,1.534E-05,1.535E-05,6.57E-06,0,1.534E-05,1.535E-05,0,0,
638140282697772219,1.534E-05,1.535E-05,6.57E-06,0,1.534E-05,1.536E-05,0,0,
638140282777414206,1.534E-05,1.535E-05,6.57E-06,1.538E-05,1.534E-05,1.536E-05,0,0,
638140282822766372,1.534E-05,1.535E-05,6.57E-06,1.538E-05,1.534E-05,1.535E-05,0,0,
638140282846699715,1.534E-05,1.535E-05,6.57E-06,1.538E-05,1.534E-05,1.536E-05,0,0,
638140282852678710,1.534E-05,1.535E-05,6.57E-06,1.538E-05,1.534E-05,1.535E-05,0,0,
638140282866824133,1.534E-05,1.535E-05,6.57E-06,1.538E-05,1.534E-05,1.536E-05,0,0,
638140282975643284,1.534E-05,1.535E-05,0,1.538E-05,1.534E-05,1.536E-05,0,0,
638140282978142368,1.534E-05,1.535E-05,6.57E-06,1.538E-05,1.534E-05,1.536E-05,0,0,
638140283053814462,1.534E-05,1.535E-05,6.57E-06,1.538E-05,1.534E-05,1.537E-05,0,0,
638140283054765699,1.534E-05,1.535E-05,6.57E-06,1.538E-05,1.534E-05,1.536E-05,0,0,
638140283114263876,1.535E-05,1.535E-05,6.57E-06,1.538E-05,1.534E-05,1.536E-05,0,0,
638140283114266234,1.535E-05,1.536E-05,6.57E-06,1.538E-05,1.534E-05,1.536E-05,0,0,
638140283115506123,1.535E-05,1.536E-05,1.532E-05,1.538E-05,1.534E-05,1.536E-05,0,0,
638140283123799548,1.535E-05,1.536E-05,1.532E-05,1.538E-05,1.534E-05,1.537E-05,0,0,
638140283162721991,1.535E-05,1.536E-05,1.532E-05,1.538E-05,1.535E-05,1.536E-05,0,0,
638140283162722478,1.535E-05,1.536E-05,1.532E-05,1.538E-05,1.535E-05,1.536E-05,0,0,
638140283228886851,1.535E-05,1.536E-05,1.532E-05,1.538E-05,1.535E-05,1.537E-05,0,0,
638140283248452529,1.536E-05,1.536E-05,1.532E-05,1.538E-05,1.535E-05,1.537E-05,0,0,
638140283248455363,1.536E-05,1.537E-05,1.532E-05,1.538E-05,1.535E-05,1.537E-05,0,0,
638140283249363372,1.535E-05,1.537E-05,1.532E-05,1.538E-05,1.535E-05,1.537E-05,0,0,
638140283250445628,1.536E-05,1.537E-05,1.532E-05,1.538E-05,1.535E-05,1.537E-05,0,0,
638140283251787104,1.536E-05,1.537E-05,1.533E-05,1.538E-05,1.535E-05,1.537E-05,0,0,
638140283277285624,1.535E-05,1.537E-05,1.533E-05,1.538E-05,1.535E-05,1.537E-05,0,0,
638140283277286209,1.535E-05,1.536E-05,1.533E-05,1.538E-05,1.535E-05,1.537E-05,0,0,
638140283278207553,1.535E-05,1.536E-05,1.532E-05,1.538E-05,1.535E-05,1.537E-05,0,0,
638140283278222045,1.536E-05,1.537E-05,1.532E-05,1.538E-05,1.535E-05,1.537E-05,0,0,
638140283278223452,1.536E-05,1.537E-05,1.532E-05,1.538E-05,1.535E-05,1.537E-05,0,0,
638140283280552022,1.536E-05,1.537E-05,1.533E-05,1.538E-05,1.535E-05,1.537E-05,0,0,
638140283318320790,1.535E-05,1.536E-05,1.533E-05,1.538E-05,1.535E-05,1.537E-05,0,0,
638140283318321253,1.535E-05,1.536E-05,1.533E-05,1.538E-05,1.535E-05,1.537E-05,0,0,
638140283318949691,1.535E-05,1.536E-05,1.532E-05,1.538E-05,1.535E-05,1.537E-05,0,0,
638140283330735566,1.535E-05,1.536E-05,1.532E-05,1.538E-05,1.535E-05,1.536E-05,0,0,
638140283407728714,1.535E-05,1.536E-05,1.532E-05,1.538E-05,1.535E-05,1.537E-05,0,0,
638140283441857895,1.535E-05,1.536E-05,1.532E-05,1.538E-05,1.534E-05,1.537E-05,0,0,
638140283442797911,1.535E-05,1.536E-05,1.532E-05,1.538E-05,1.534E-05,1.538E-05,0,0,
638140283447805287,1.535E-05,1.536E-05,1.532E-05,1.538E-05,1.534E-05,1.537E-05,0,0,
638140283449879078,1.535E-05,1.536E-05,1.532E-05,1.538E-05,1.535E-05,1.537E-05,0,0,
638140283488829405,1.535E-05,1.536E-05,1.532E-05,1.538E-05,1.535E-05,1.538E-05,0,0,
638140283489791772,1.535E-05,1.536E-05,1.532E-05,1.538E-05,1.536E-05,1.538E-05,0,0,
638140283489792114,1.535E-05,1.536E-05,1.532E-05,1.538E-05,1.536E-05,1.537E-05,0,0,
638140283491819260,1.535E-05,1.536E-05,1.532E-05,1.538E-05,1.535E-05,1.537E-05,0,0,
638140283498849828,1.535E-05,1.536E-05,1.532E-05,1.538E-05,1.536E-05,1.537E-05,0,0,
638140283527802182,1.535E-05,1.536E-05,1.532E-05,1.538E-05,1.535E-05,1.538E-05,0,0,
638140283527803829,1.535E-05,1.536E-05,1.532E-05,1.538E-05,1.535E-05,1.538E-05,0,0,
638140283528876193,1.535E-05,1.536E-05,1.532E-05,1.538E-05,1.536E-05,1.538E-05,0,0,
638140283528877502,1.535E-05,1.536E-05,1.532E-05,1.538E-05,1.536E-05,1.537E-05,0,0,
638140283550839294,1.535E-05,1.536E-05,1.532E-05,1.538E-05,1.535E-05,1.537E-05,0,0,
638140283550842138,1.535E-05,1.536E-05,1.532E-05,1.538E-05,1.535E-05,1.538E-05,0,0,
638140283552779971,1.535E-05,1.536E-05,1.532E-05,1.538E-05,1.536E-05,1.538E-05,0,0,
638140283552887347,1.535E-05,1.536E-05,1.532E-05,1.538E-05,1.536E-05,1.537E-05,0,0,
638140283622894477,1.535E-05,1.536E-05,1.532E-05,1.538E-05,1.535E-05,1.537E-05,0,0,
638140283800537045,1.536E-05,1.536E-05,1.532E-05,1.538E-05,1.535E-05,1.537E-05,0,0,
638140283800539198,1.536E-05,1.537E-05,1.532E-05,1.538E-05,1.535E-05,1.537E-05,0,0,
638140283800973162,1.536E-05,1.537E-05,1.533E-05,1.538E-05,1.535E-05,1.537E-05,0,0,
638140283809876830,1.536E-05,1.537E-05,1.533E-05,1.538E-05,1.535E-05,1.538E-05,0,0,
638140283815792276,1.536E-05,1.537E-05,1.533E-05,1.538E-05,1.536E-05,1.538E-05,0,0,
638140283887493770,1.536E-05,1.537E-05,1.533E-05,1.539E-05,1.536E-05,1.538E-05,0,0,
638140283892506649,1.537E-05,1.537E-05,1.533E-05,1.539E-05,1.536E-05,1.538E-05,0,0,
638140283892508054,1.537E-05,1.538E-05,1.533E-05,1.539E-05,1.536E-05,1.538E-05,0,0,
638140283893291008,1.537E-05,1.538E-05,1.534E-05,1.539E-05,1.536E-05,1.538E-05,0,0,
638140283894713606,1.537E-05,1.538E-05,1.534E-05,1.539E-05,1.537E-05,1.538E-05,0,0,
638140283902794503,1.537E-05,1.538E-05,1.534E-05,1.539E-05,1.537E-05,1.539E-05,0,0,
638140283904798329,1.537E-05,1.538E-05,1.534E-05,1.539E-05,1.537E-05,1.54E-05,0,0,
638140283905764385,1.537E-05,1.538E-05,1.534E-05,1.539E-05,1.537E-05,1.539E-05,0,0,
638140284089979079,1.537E-05,1.538E-05,1.534E-05,1.539E-05,1.536E-05,1.539E-05,0,0,
638140284092882192,1.537E-05,1.538E-05,1.534E-05,1.539E-05,1.537E-05,1.539E-05,0,0,
638140284092884123,1.537E-05,1.538E-05,1.534E-05,1.539E-05,1.537E-05,1.538E-05,0,0,
638140284133667290,1.536E-05,1.538E-05,1.534E-05,1.539E-05,1.537E-05,1.538E-05,0,0,
638140284133981266,1.536E-05,1.538E-05,1.534E-05,1.539E-05,1.535E-05,1.539E-05,0,0,
638140284133983968,1.536E-05,1.538E-05,1.534E-05,1.539E-05,1.535E-05,1.539E-05,0,0,
638140284133984434,1.536E-05,1.538E-05,1.534E-05,1.539E-05,1.535E-05,1.539E-05,0,0,
638140284137107828,1.536E-05,1.538E-05,1.534E-05,1.539E-05,1.536E-05,1.538E-05,0,0,
638140284137108431,1.536E-05,1.538E-05,1.534E-05,1.539E-05,1.536E-05,1.538E-05,0,0,
638140284137858976,1.536E-05,1.537E-05,1.534E-05,1.539E-05,1.536E-05,1.538E-05,0,0,
638140284138668001,1.536E-05,1.538E-05,1.534E-05,1.539E-05,1.536E-05,1.538E-05,0,0,
638140284160556458,1.536E-05,1.537E-05,1.534E-05,1.539E-05,1.536E-05,1.538E-05,0,0,
638140284173609935,1.536E-05,1.538E-05,1.534E-05,1.539E-05,1.536E-05,1.538E-05,0,0,
638140284180704964,1.536E-05,1.537E-05,1.534E-05,1.539E-05,1.536E-05,1.538E-05,0,0,
638140284246096880,1.536E-05,1.537E-05,1.533E-05,1.539E-05,1.536E-05,1.538E-05,0,0,
638140284257807673,1.536E-05,1.537E-05,1.533E-05,1.539E-05,1.534E-05,1.538E-05,0,0,
638140284257808257,1.536E-05,1.537E-05,1.533E-05,1.539E-05,1.534E-05,1.538E-05,0,0,
638140284259822505,1.536E-05,1.537E-05,1.533E-05,1.539E-05,1.535E-05,1.538E-05,0,0,
638140284259824956,1.536E-05,1.537E-05,1.533E-05,1.539E-05,1.535E-05,1.537E-05,0,0,
638140284268602003,1.535E-05,1.537E-05,1.533E-05,1.539E-05,1.535E-05,1.537E-05,0,0,
638140284269079379,1.535E-05,1.537E-05,1.532E-05,1.539E-05,1.535E-05,1.537E-05,0,0,
638140284269728924,1.535E-05,1.536E-05,1.532E-05,1.539E-05,1.535E-05,1.537E-05,0,0,
638140284270978854,1.535E-05,1.536E-05,1.532E-05,1.538E-05,1.535E-05,1.537E-05,0,0,
638140284307776125,1.536E-05,1.536E-05,1.532E-05,1.538E-05,1.535E-05,1.537E-05,0,0,
638140284307780020,1.536E-05,1.537E-05,1.532E-05,1.538E-05,1.535E-05,1.537E-05,0,0,
638140284309495229,1.536E-05,1.537E-05,1.533E-05,1.538E-05,1.535E-05,1.537E-05,0,0,
638140284343092076,1.536E-05,1.537E-05,1.533E-05,1.538E-05,1.535E-05,1.538E-05,0,0,
638140284349898006,1.536E-05,1.537E-05,1.533E-05,1.538E-05,1.536E-05,1.537E-05,0,0,
638140284349898831,1.536E-05,1.537E-05,1.533E-05,1.538E-05,1.536E-05,1.537E-05,0,0,
638140284380009476,1.536E-05,1.537E-05,1.532E-05,1.538E-05,1.536E-05,1.537E-05,0,0,
638140284388126951,1.536E-05,1.537E-05,1.533E-05,1.538E-05,1.536E-05,1.537E-05,0,0,
638140284391792607,1.536E-05,1.537E-05,1.533E-05,1.538E-05,1.536E-05,1.538E-05,0,0,
638140284417986420,1.536E-05,1.537E-05,1.533E-05,1.538E-05,1.535E-05,1.538E-05,0,0,
638140284418900992,1.536E-05,1.537E-05,1.533E-05,1.538E-05,1.536E-05,1.538E-05,0,0,
638140284443931670,1.536E-05,1.537E-05,1.533E-05,1.538E-05,1.535E-05,1.538E-05,0,0,
638140284443934532,1.536E-05,1.537E-05,1.533E-05,1.538E-05,1.535E-05,1.539E-05,0,0,
638140284448880254,1.536E-05,1.537E-05,1.533E-05,1.538E-05,1.536E-05,1.538E-05,0,0,
638140284448881006,1.536E-05,1.537E-05,1.533E-05,1.538E-05,1.536E-05,1.538E-05,0,0,
638140284476107074,1.536E-05,1.537E-05,1.533E-05,1.539E-05,1.536E-05,1.538E-05,0,0,
638140284499217697,1.536E-05,1.537E-05,1.533E-05,1.539E-05,1.535E-05,1.538E-05,0,0,
638140284499218396,1.536E-05,1.537E-05,1.533E-05,1.539E-05,1.535E-05,1.539E-05,0,0,
638140284508104488,1.536E-05,1.537E-05,1.533E-05,1.539E-05,1.536E-05,1.539E-05,0,0,
638140284508106219,1.536E-05,1.537E-05,1.533E-05,1.539E-05,1.536E-05,1.538E-05,0,0,
638140284515186298,1.536E-05,1.537E-05,1.533E-05,1.539E-05,1.535E-05,1.538E-05,0,0,
638140284515188294,1.536E-05,1.537E-05,1.533E-05,1.539E-05,1.535E-05,1.539E-05,0,0,
638140284517964190,1.536E-05,1.537E-05,1.533E-05,1.539E-05,1.536E-05,1.539E-05,0,0,
638140284517967204,1.536E-05,1.537E-05,1.533E-05,1.539E-05,1.536E-05,1.538E-05,0,0,
638140284526895160,1.536E-05,1.537E-05,1.533E-05,1.539E-05,1.535E-05,1.538E-05,0,0,
638140284527894172,1.536E-05,1.537E-05,1.533E-05,1.539E-05,1.536E-05,1.538E-05,0,0,
638140284527896345,1.536E-05,1.537E-05,1.533E-05,1.539E-05,1.536E-05,1.537E-05,0,0,
638140284528943135,1.536E-05,1.537E-05,1.533E-05,1.539E-05,1.536E-05,1.538E-05,0,0,
638140284556743203,1.536E-05,1.538E-05,1.533E-05,1.539E-05,1.536E-05,1.538E-05,0,0,
638140284559936735,1.537E-05,1.538E-05,1.533E-05,1.539E-05,1.536E-05,1.538E-05,0,0,
638140284560920209,1.537E-05,1.538E-05,1.534E-05,1.539E-05,1.536E-05,1.538E-05,0,0,
638140284611962815,1.537E-05,1.538E-05,1.534E-05,1.539E-05,1.535E-05,1.538E-05,0,0,
638140284611964878,1.537E-05,1.538E-05,1.534E-05,1.539E-05,1.535E-05,1.539E-05,0,0,
638140284616894352,1.537E-05,1.538E-05,1.534E-05,1.539E-05,1.536E-05,1.538E-05,0,0,
638140284616894993,1.537E-05,1.538E-05,1.534E-05,1.539E-05,1.536E-05,1.538E-05,0,0,
638140284665875598,1.537E-05,1.538E-05,1.534E-05,1.539E-05,1.536E-05,1.539E-05,0,0,
638140284675874324,1.537E-05,1.538E-05,1.534E-05,1.539E-05,1.537E-05,1.539E-05,0,0,
638140284675876571,1.537E-05,1.538E-05,1.534E-05,1.539E-05,1.537E-05,1.538E-05,0,0,
638140284786912132,1.537E-05,1.538E-05,1.534E-05,1.539E-05,1.536E-05,1.539E-05,0,0,
638140284786912793,1.537E-05,1.538E-05,1.534E-05,1.539E-05,1.536E-05,1.539E-05,0,0,
638140284787861668,1.537E-05,1.538E-05,1.534E-05,1.539E-05,1.536E-05,1.54E-05,0,0,
638140284791892294,1.537E-05,1.538E-05,1.534E-05,1.539E-05,1.536E-05,1.539E-05,0,0,
638140284793787111,1.537E-05,1.538E-05,1.534E-05,1.539E-05,1.537E-05,1.538E-05,0,0,
638140284793787571,1.537E-05,1.538E-05,1.534E-05,1.539E-05,1.537E-05,1.538E-05,0,0,
638140284822620969,1.537E-05,1.538E-05,1.534E-05,1.54E-05,1.537E-05,1.538E-05,0,0,
638140284831877508,1.537E-05,1.538E-05,1.534E-05,1.54E-05,1.537E-05,1.539E-05,0,0,
638140284835028172,1.537E-05,1.539E-05,1.534E-05,1.54E-05,1.537E-05,1.539E-05,0,0,
638140284836003464,1.538E-05,1.539E-05,1.534E-05,1.54E-05,1.537E-05,1.539E-05,0,0,
638140284836133941,1.538E-05,1.539E-05,1.535E-05,1.54E-05,1.537E-05,1.539E-05,0,0,
638140284937026399,1.537E-05,1.538E-05,1.535E-05,1.54E-05,1.537E-05,1.539E-05,0,0,
638140284937027087,1.537E-05,1.538E-05,1.535E-05,1.54E-05,1.537E-05,1.539E-05,0,0,
638140284938593202,1.537E-05,1.538E-05,1.534E-05,1.54E-05,1.537E-05,1.539E-05,0,0,
638140285120846477,1.537E-05,1.538E-05,1.534E-05,1.54E-05,1.536E-05,1.539E-05,0,0,
638140285130878333,1.537E-05,1.538E-05,1.534E-05,1.54E-05,1.537E-05,1.538E-05,0,0,
638140285130878916,1.537E-05,1.538E-05,1.534E-05,1.54E-05,1.537E-05,1.538E-05,0,0,
638140285186897330,1.537E-05,1.538E-05,1.534E-05,1.54E-05,1.536E-05,1.539E-05,0,0,
638140285186897682,1.537E-05,1.538E-05,1.534E-05,1.54E-05,1.536E-05,1.539E-05,0,0,
638140285189865894,1.537E-05,1.538E-05,1.534E-05,1.54E-05,1.537E-05,1.538E-05,0,0,
638140285189866354,1.537E-05,1.538E-05,1.534E-05,1.54E-05,1.537E-05,1.538E-05,0,0,
638140285197927451,1.537E-05,1.538E-05,1.534E-05,1.54E-05,1.537E-05,1.539E-05,0,0,
638140285210842080,1.537E-05,1.538E-05,1.534E-05,1.54E-05,1.537E-05,1.54E-05,0,0,
638140285213831721,1.537E-05,1.538E-05,1.534E-05,1.54E-05,1.537E-05,1.539E-05,0,0,
638140285307260760,1.538E-05,1.538E-05,1.534E-05,1.54E-05,1.537E-05,1.539E-05,0,0,
638140285307262701,1.538E-05,1.539E-05,1.534E-05,1.54E-05,1.537E-05,1.539E-05,0,0,
638140285351051634,1.538E-05,1.539E-05,1.534E-05,1.54E-05,1.536E-05,1.54E-05,0,0,
638140285351052009,1.538E-05,1.539E-05,1.534E-05,1.54E-05,1.536E-05,1.54E-05,0,0,
638140285439913702,1.538E-05,1.539E-05,1.534E-05,1.54E-05,1.536E-05,1.539E-05,0,0,
638140285461152555,1.538E-05,1.539E-05,1.534E-05,1.54E-05,1.537E-05,1.539E-05,0,0,
638140285504827860,1.538E-05,1.539E-05,1.534E-05,1.54E-05,1.536E-05,1.539E-05,0,0,
638140285552918996,1.538E-05,1.539E-05,1.534E-05,1.54E-05,1.536E-05,1.538E-05,0,0,
638140285566037289,1.538E-05,1.539E-05,1.534E-05,1.54E-05,1.536E-05,1.537E-05,0,0,
638140285730971124,1.538E-05,1.539E-05,1.534E-05,1.54E-05,1.535E-05,1.537E-05,0,0,
638140285742836125,1.538E-05,1.539E-05,1.534E-05,1.54E-05,1.535E-05,1.538E-05,0,0,
638140285743912372,1.538E-05,1.539E-05,1.534E-05,1.54E-05,1.535E-05,1.537E-05,0,0,
638140285838875940,1.538E-05,1.539E-05,1.534E-05,1.54E-05,1.535E-05,1.538E-05,0,0,
638140285968937344,1.538E-05,1.539E-05,1.534E-05,1.54E-05,1.535E-05,1.539E-05,0,0,
638140285971987153,1.538E-05,1.539E-05,1.534E-05,1.54E-05,1.536E-05,1.538E-05,0,0,
638140285971987517,1.538E-05,1.539E-05,1.534E-05,1.54E-05,1.536E-05,1.538E-05,0,0,
638140286030878457,1.538E-05,1.539E-05,1.534E-05,1.54E-05,1.536E-05,1.539E-05,0,0,
638140286034020579,1.538E-05,1.539E-05,1.534E-05,1.54E-05,1.536E-05,1.538E-05,0,0,
638140286040945821,1.538E-05,1.539E-05,1.534E-05,1.54E-05,1.536E-05,1.539E-05,0,0,
638140286057973555,1.538E-05,1.539E-05,1.534E-05,1.54E-05,1.536E-05,1.538E-05,0,0,
638140286093048258,1.538E-05,1.539E-05,1.534E-05,1.54E-05,1.536E-05,1.539E-05,0,0,
638140286100999123,1.538E-05,1.539E-05,1.534E-05,1.54E-05,1.536E-05,1.538E-05,0,0,
638140286119896974,1.538E-05,1.539E-05,1.534E-05,1.54E-05,1.536E-05,1.537E-05,0,0,
638140286208860925,1.538E-05,1.539E-05,1.534E-05,1.54E-05,1.536E-05,1.538E-05,0,0,
638140286213907053,1.538E-05,1.539E-05,1.534E-05,1.54E-05,1.535E-05,1.538E-05,0,0,
638140286218932145,1.538E-05,1.539E-05,1.534E-05,1.54E-05,1.536E-05,1.538E-05,0,0,
638140286261014859,1.538E-05,1.539E-05,1.534E-05,1.54E-05,1.536E-05,1.539E-05,0,0,
638140286267864550,1.538E-05,1.539E-05,1.534E-05,1.54E-05,1.536E-05,1.538E-05,0,0,
638140286303947593,1.538E-05,1.539E-05,1.534E-05,1.54E-05,1.536E-05,1.539E-05,0,0,
638140286307871305,1.538E-05,1.539E-05,1.534E-05,1.54E-05,1.537E-05,1.539E-05,0,0,
638140286307871995,1.538E-05,1.539E-05,1.534E-05,1.54E-05,1.537E-05,1.538E-05,0,0,
638140286402879812,1.538E-05,1.539E-05,1.534E-05,1.54E-05,1.536E-05,1.538E-05,0,0,
638140286402884167,1.538E-05,1.539E-05,1.534E-05,1.54E-05,1.536E-05,1.539E-05,0,0,
638140286406971548,1.538E-05,1.539E-05,1.534E-05,1.54E-05,1.537E-05,1.539E-05,0,0,
638140286440962987,1.538E-05,1.539E-05,1.534E-05,1.54E-05,1.537E-05,1.538E-05,0,0,
638140286445944402,1.538E-05,1.539E-05,1.534E-05,1.54E-05,1.537E-05,1.539E-05,0,0,
638140286493023429,1.538E-05,1.539E-05,1.534E-05,1.54E-05,1.536E-05,1.539E-05,0,0,
638140286495847821,1.538E-05,1.539E-05,1.534E-05,1.54E-05,1.537E-05,1.538E-05,0,0,
638140286495848286,1.538E-05,1.539E-05,1.534E-05,1.54E-05,1.537E-05,1.538E-05,0,0,
638140286584186318,1.538E-05,1.539E-05,1.534E-05,1.54E-05,1.537E-05,1.539E-05,0,0,
638140286594990269,1.538E-05,1.539E-05,1.534E-05,1.54E-05,1.537E-05,1.538E-05,0,0,
638140286613883916,1.538E-05,1.539E-05,1.534E-05,1.54E-05,1.537E-05,1.539E-05,0,0,
638140286732929036,1.538E-05,1.539E-05,1.534E-05,1.54E-05,1.537E-05,1.538E-05,0,0,
638140286763050748,1.538E-05,1.539E-05,1.534E-05,1.54E-05,1.537E-05,1.539E-05,0,0,
638140286780015525,1.538E-05,1.539E-05,1.534E-05,1.54E-05,1.537E-05,1.538E-05,0,0,
638140286801990538,1.538E-05,1.539E-05,1.534E-05,1.54E-05,1.537E-05,1.539E-05,0,0,
638140286842005605,1.538E-05,1.539E-05,1.534E-05,1.54E-05,1.537E-05,1.538E-05,0,0,
638140286871008305,1.538E-05,1.539E-05,1.534E-05,1.54E-05,1.537E-05,1.539E-05,0,0,
638140286902883560,1.538E-05,1.539E-05,1.534E-05,1.54E-05,1.536E-05,1.539E-05,0,0,
638140286910915524,1.538E-05,1.539E-05,1.534E-05,1.54E-05,1.537E-05,1.538E-05,0,0,
638140286910916014,1.538E-05,1.539E-05,1.534E-05,1.54E-05,1.537E-05,1.538E-05,0,0,
638140286926916827,1.538E-05,1.539E-05,1.534E-05,1.54E-05,1.537E-05,1.539E-05,0,0,
638140287000880345,1.538E-05,1.539E-05,1.534E-05,1.54E-05,1.537E-05,1.54E-05,0,0,
638140287048494276,1.538E-05,1.539E-05,1.534E-05,1.54E-05,1.537E-05,1.539E-05,0,0,
638140287088881419,1.538E-05,1.539E-05,1.534E-05,1.54E-05,1.537E-05,1.54E-05,0,0,
638140287213935854,1.538E-05,1.539E-05,1.534E-05,1.54E-05,1.538E-05,1.54E-05,0,0,
638140287213937027,1.538E-05,1.539E-05,1.534E-05,1.54E-05,1.538E-05,1.539E-05,0,0,
638140287226988749,1.538E-05,1.539E-05,1.534E-05,1.54E-05,1.538E-05,1.54E-05,0,0,
638140287625003271,1.538E-05,1.539E-05,1.534E-05,1.54E-05,1.538E-05,1.539E-05,0,0,
638140287636295016,1.538E-05,1.539E-05,1.534E-05,1.54E-05,1.538E-05,1.54E-05,0,0,
638140287698939927,1.538E-05,1.539E-05,1.534E-05,1.54E-05,1.537E-05,1.54E-05,0,0,
638140287701938091,1.538E-05,1.539E-05,1.534E-05,1.54E-05,1.538E-05,1.54E-05,0,0,
638140287701939057,1.538E-05,1.539E-05,1.534E-05,1.54E-05,1.538E-05,1.539E-05,0,0,
638140287712021248,1.538E-05,1.539E-05,1.534E-05,1.54E-05,1.538E-05,1.54E-05,0,0,
638140287741959520,1.538E-05,1.539E-05,1.534E-05,1.54E-05,1.538E-05,1.539E-05,0,0,
638140287755085132,1.538E-05,1.539E-05,1.534E-05,1.54E-05,1.537E-05,1.54E-05,0,0,
638140287755087025,1.538E-05,1.539E-05,1.534E-05,1.54E-05,1.537E-05,1.54E-05,0,0,
638140287761088801,1.538E-05,1.539E-05,1.534E-05,1.54E-05,1.537E-05,1.539E-05,0,0,
638140287821060560,1.538E-05,1.539E-05,1.534E-05,1.54E-05,1.537E-05,1.538E-05,0,0,
638140287860016970,1.538E-05,1.539E-05,1.534E-05,1.54E-05,1.537E-05,1.539E-05,0,0,
638140287910006610,1.538E-05,1.539E-05,1.534E-05,1.54E-05,1.537E-05,1.538E-05,0,0,
638140287938979153,1.538E-05,1.539E-05,1.534E-05,1.54E-05,1.537E-05,1.539E-05,0,0,
638140287941987003,1.538E-05,1.539E-05,1.534E-05,1.54E-05,1.536E-05,1.539E-05,0,0,
638140287947054585,1.538E-05,1.539E-05,1.534E-05,1.54E-05,1.537E-05,1.538E-05,0,0,
638140287947054945,1.538E-05,1.539E-05,1.534E-05,1.54E-05,1.537E-05,1.538E-05,0,0,
638140287959102286,1.538E-05,1.539E-05,1.534E-05,1.54E-05,1.537E-05,1.539E-05,0,0,
638140287971066820,1.538E-05,1.539E-05,1.534E-05,1.54E-05,1.536E-05,1.539E-05,0,0,
638140287978963531,1.538E-05,1.539E-05,1.534E-05,1.54E-05,1.537E-05,1.538E-05,0,0,
638140287978964979,1.538E-05,1.539E-05,1.534E-05,1.54E-05,1.537E-05,1.538E-05,0,0,
638140287999091651,1.538E-05,1.539E-05,1.534E-05,1.54E-05,1.537E-05,1.539E-05,0,0,
638140288008997585,1.538E-05,1.539E-05,1.534E-05,1.54E-05,1.536E-05,1.539E-05,0,0,
638140288017986991,1.538E-05,1.539E-05,1.534E-05,1.54E-05,1.536E-05,1.538E-05,0,0,
638140288037095453,1.538E-05,1.539E-05,1.534E-05,1.54E-05,1.536E-05,1.539E-05,0,0,
638140288038032187,1.538E-05,1.539E-05,1.534E-05,1.54E-05,1.536E-05,1.538E-05,0,0,
638140288117058871,1.538E-05,1.539E-05,1.534E-05,1.54E-05,1.536E-05,1.537E-05,0,0,
638140288120015003,1.538E-05,1.539E-05,1.534E-05,1.54E-05,1.536E-05,1.538E-05,0,0,
638140288127128314,1.538E-05,1.539E-05,1.534E-05,1.54E-05,1.536E-05,1.537E-05,0,0,
638140288151034534,1.538E-05,1.539E-05,1.534E-05,1.54E-05,1.536E-05,1.538E-05,0,0,
638140288162730515,1.538E-05,1.539E-05,1.534E-05,1.539E-05,1.536E-05,1.538E-05,0,0,
638140288164815200,1.538E-05,1.539E-05,1.534E-05,1.54E-05,1.536E-05,1.538E-05,0,0,
638140288199084899,1.538E-05,1.539E-05,1.534E-05,1.54E-05,1.537E-05,1.538E-05,0,0,
638140288202217712,1.538E-05,1.539E-05,1.534E-05,1.54E-05,1.536E-05,1.538E-05,0,0,
638140288210148905,1.538E-05,1.539E-05,1.534E-05,1.54E-05,1.536E-05,1.539E-05,0,0,
638140288218291096,1.538E-05,1.539E-05,1.534E-05,1.54E-05,1.537E-05,1.539E-05,0,0,
638140288223846948,1.538E-05,1.539E-05,1.535E-05,1.54E-05,1.537E-05,1.539E-05,0,0,
638140288226355004,1.538E-05,1.539E-05,1.535E-05,1.54E-05,1.536E-05,1.539E-05,0,0,
638140288235239342,1.538E-05,1.539E-05,1.535E-05,1.54E-05,1.537E-05,1.539E-05,0,0,
638140288242394583,1.538E-05,1.539E-05,1.535E-05,1.54E-05,1.537E-05,1.54E-05,0,0,
638140288245209726,1.538E-05,1.539E-05,1.535E-05,1.54E-05,1.537E-05,1.539E-05,0,0,
638140288247176119,1.538E-05,1.539E-05,1.535E-05,1.54E-05,1.536E-05,1.539E-05,0,0,
638140288253126916,1.538E-05,1.539E-05,1.535E-05,1.54E-05,1.537E-05,1.539E-05,0,0,
638140288255626900,1.538E-05,1.539E-05,1.535E-05,1.54E-05,1.536E-05,1.539E-05,0,0,
638140288255647887,1.538E-05,1.539E-05,1.534E-05,1.54E-05,1.536E-05,1.539E-05,0,0,
638140288265893723,1.538E-05,1.539E-05,1.534E-05,1.539E-05,1.536E-05,1.539E-05,0,0,
638140288268417255,1.538E-05,1.539E-05,1.534E-05,1.54E-05,1.536E-05,1.539E-05,0,0,
638140288272129425,1.538E-05,1.539E-05,1.534E-05,1.54E-05,1.537E-05,1.539E-05,0,0,
638140288275197503,1.538E-05,1.539E-05,1.534E-05,1.54E-05,1.536E-05,1.539E-05,0,0,
638140288278045591,1.538E-05,1.539E-05,1.534E-05,1.54E-05,1.537E-05,1.539E-05,0,0,
638140288279145581,1.538E-05,1.539E-05,1.534E-05,1.54E-05,1.536E-05,1.539E-05,0,0,
638140288290814662,1.538E-05,1.539E-05,1.535E-05,1.54E-05,1.536E-05,1.539E-05,0,0,
638140288307055071,1.538E-05,1.539E-05,1.534E-05,1.54E-05,1.536E-05,1.539E-05,0,0,
638140288372715839,1.538E-05,1.538E-05,1.534E-05,1.54E-05,1.536E-05,1.539E-05,0,0,
638140288448779505,1.538E-05,1.539E-05,1.534E-05,1.54E-05,1.536E-05,1.539E-05,0,0,
638140288449725622,1.537E-05,1.539E-05,1.534E-05,1.54E-05,1.536E-05,1.539E-05,0,0,
638140288455759276,1.538E-05,1.539E-05,1.534E-05,1.54E-05,1.536E-05,1.539E-05,0,0,
638140288455995278,1.538E-05,1.539E-05,1.535E-05,1.54E-05,1.536E-05,1.539E-05,0,0,
638140288463643031,1.537E-05,1.539E-05,1.535E-05,1.54E-05,1.536E-05,1.539E-05,0,0,
638140288464121415,1.537E-05,1.539E-05,1.534E-05,1.54E-05,1.536E-05,1.539E-05,0,0,
638140288477706055,1.538E-05,1.539E-05,1.534E-05,1.54E-05,1.536E-05,1.539E-05,0,0,
638140288478243246,1.538E-05,1.539E-05,1.535E-05,1.54E-05,1.536E-05,1.539E-05,0,0,
638140288484473957,1.538E-05,1.539E-05,1.534E-05,1.54E-05,1.536E-05,1.539E-05,0,0,
638140288505700585,1.537E-05,1.538E-05,1.534E-05,1.54E-05,1.536E-05,1.539E-05,0,0,
638140288505701269,1.537E-05,1.538E-05,1.534E-05,1.54E-05,1.536E-05,1.539E-05,0,0,
638140288521837304,1.538E-05,1.539E-05,1.534E-05,1.54E-05,1.536E-05,1.539E-05,0,0,
638140288521838530,1.538E-05,1.539E-05,1.534E-05,1.54E-05,1.536E-05,1.539E-05,0,0,
638140288522933884,1.538E-05,1.539E-05,1.535E-05,1.54E-05,1.536E-05,1.539E-05,0,0,
638140288556100665,1.538E-05,1.539E-05,1.535E-05,1.54E-05,1.536E-05,1.54E-05,0,0,
638140288557714761,1.538E-05,1.539E-05,1.535E-05,1.542E-05,1.536E-05,1.54E-05,0,0,
638140288560290795,1.538E-05,1.539E-05,1.535E-05,1.542E-05,1.537E-05,1.54E-05,0,0,
638140288561215769,1.538E-05,1.539E-05,1.535E-05,1.541E-05,1.537E-05,1.54E-05,0,0,
638140288562318251,1.538E-05,1.539E-05,1.535E-05,1.541E-05,1.538E-05,1.54E-05,0,0,
638140288570884274,1.538E-05,1.539E-05,1.535E-05,1.542E-05,1.538E-05,1.54E-05,0,0,
638140288586817627,1.539E-05,1.539E-05,1.535E-05,1.542E-05,1.538E-05,1.54E-05,0,0,
638140288586819328,1.539E-05,1.54E-05,1.535E-05,1.542E-05,1.538E-05,1.54E-05,0,0,
638140288587453974,1.539E-05,1.54E-05,1.536E-05,1.542E-05,1.538E-05,1.54E-05,0,0,
638140288606233750,1.539E-05,1.54E-05,1.536E-05,1.542E-05,1.537E-05,1.54E-05,0,0,
638140288608078317,1.539E-05,1.54E-05,1.536E-05,1.542E-05,1.537E-05,1.541E-05,0,0,
638140288612126263,1.539E-05,1.54E-05,1.536E-05,1.542E-05,1.538E-05,1.541E-05,0,0,
638140288621177928,1.539E-05,1.54E-05,1.536E-05,1.542E-05,1.539E-05,1.541E-05,0,0,
638140288623751965,1.54E-05,1.54E-05,1.536E-05,1.542E-05,1.539E-05,1.541E-05,0,0,
638140288623753350,1.54E-05,1.541E-05,1.536E-05,1.542E-05,1.539E-05,1.541E-05,0,0,
638140288626016467,1.54E-05,1.541E-05,1.537E-05,1.542E-05,1.539E-05,1.541E-05,0,0,
638140288638779290,1.539E-05,1.541E-05,1.537E-05,1.542E-05,1.539E-05,1.541E-05,0,0,
638140288639824591,1.54E-05,1.541E-05,1.537E-05,1.542E-05,1.539E-05,1.541E-05,0,0,
638140288640178529,1.54E-05,1.541E-05,1.536E-05,1.542E-05,1.539E-05,1.541E-05,0,0,
638140288641704599,1.54E-05,1.54E-05,1.536E-05,1.542E-05,1.539E-05,1.541E-05,0,0,
638140288641732625,1.539E-05,1.54E-05,1.536E-05,1.542E-05,1.539E-05,1.541E-05,0,0,
638140288651815830,1.54E-05,1.541E-05,1.536E-05,1.542E-05,1.539E-05,1.541E-05,0,0,
638140288651816368,1.54E-05,1.541E-05,1.536E-05,1.542E-05,1.539E-05,1.541E-05,0,0,
638140288652437203,1.54E-05,1.541E-05,1.537E-05,1.542E-05,1.539E-05,1.541E-05,0,0,
638140288691717357,1.539E-05,1.54E-05,1.537E-05,1.542E-05,1.539E-05,1.541E-05,0,0,
638140288691717752,1.539E-05,1.54E-05,1.537E-05,1.542E-05,1.539E-05,1.541E-05,0,0,
638140288692786530,1.539E-05,1.54E-05,1.536E-05,1.542E-05,1.539E-05,1.541E-05,0,0,
638140288694653732,1.54E-05,1.54E-05,1.536E-05,1.542E-05,1.539E-05,1.541E-05,0,0,
638140288694654270,1.54E-05,1.541E-05,1.536E-05,1.542E-05,1.539E-05,1.541E-05,0,0,
638140288694964662,1.54E-05,1.541E-05,1.537E-05,1.542E-05,1.539E-05,1.541E-05,0,0,
638140288712096916,1.54E-05,1.541E-05,1.537E-05,1.542E-05,1.538E-05,1.541E-05,0,0,
638140288721108282,1.54E-05,1.541E-05,1.537E-05,1.542E-05,1.539E-05,1.541E-05,0,0,
638140288724778529,1.539E-05,1.54E-05,1.537E-05,1.542E-05,1.539E-05,1.541E-05,0,0,
638140288724778988,1.539E-05,1.54E-05,1.537E-05,1.542E-05,1.539E-05,1.541E-05,0,0,
638140288725672720,1.539E-05,1.54E-05,1.536E-05,1.542E-05,1.539E-05,1.541E-05,0,0,
638140288759880233,1.539E-05,1.541E-05,1.536E-05,1.542E-05,1.539E-05,1.541E-05,0,0,
638140288760368987,1.539E-05,1.541E-05,1.536E-05,1.542E-05,1.538E-05,1.541E-05,0,0,
638140288761841281,1.539E-05,1.54E-05,1.536E-05,1.542E-05,1.538E-05,1.541E-05,0,0,
638140288780141840,1.539E-05,1.54E-05,1.536E-05,1.542E-05,1.537E-05,1.541E-05,0,0,
638140288785149350,1.539E-05,1.54E-05,1.536E-05,1.542E-05,1.538E-05,1.541E-05,0,0,
638140288795219258,1.539E-05,1.54E-05,1.536E-05,1.542E-05,1.539E-05,1.541E-05,0,0,
638140288796834848,1.539E-05,1.541E-05,1.536E-05,1.542E-05,1.539E-05,1.541E-05,0,0,
638140288798643233,1.54E-05,1.541E-05,1.536E-05,1.542E-05,1.539E-05,1.541E-05,0,0,
638140288803953468,1.539E-05,1.541E-05,1.536E-05,1.542E-05,1.539E-05,1.541E-05,0,0,
638140288809674788,1.54E-05,1.541E-05,1.536E-05,1.542E-05,1.539E-05,1.541E-05,0,0,
638140288810173178,1.54E-05,1.541E-05,1.537E-05,1.542E-05,1.539E-05,1.541E-05,0,0,
638140288812785401,1.539E-05,1.541E-05,1.537E-05,1.542E-05,1.539E-05,1.541E-05,0,0,
638140288814367439,1.539E-05,1.541E-05,1.536E-05,1.542E-05,1.539E-05,1.541E-05,0,0,
638140288819053580,1.539E-05,1.541E-05,1.536E-05,1.542E-05,1.538E-05,1.541E-05,0,0,
638140288819834498,1.54E-05,1.541E-05,1.536E-05,1.542E-05,1.538E-05,1.541E-05,0,0,
638140288824207834,1.54E-05,1.541E-05,1.536E-05,1.542E-05,1.539E-05,1.541E-05,0,0,
638140288826334163,1.54E-05,1.541E-05,1.537E-05,1.542E-05,1.539E-05,1.541E-05,0,0,
638140288829134771,1.54E-05,1.541E-05,1.537E-05,1.542E-05,1.538E-05,1.541E-05,0,0,
638140288829894121,1.539E-05,1.541E-05,1.537E-05,1.542E-05,1.538E-05,1.541E-05,0,0,
638140288829894913,1.539E-05,1.54E-05,1.537E-05,1.542E-05,1.538E-05,1.541E-05,0,0,
638140288830542481,1.539E-05,1.54E-05,1.536E-05,1.542E-05,1.538E-05,1.541E-05,0,0,
638140288863780949,1.54E-05,1.54E-05,1.536E-05,1.542E-05,1.538E-05,1.541E-05,0,0,
638140288863782476,1.54E-05,1.541E-05,1.536E-05,1.542E-05,1.538E-05,1.541E-05,0,0,
638140288864808379,1.54E-05,1.541E-05,1.537E-05,1.542E-05,1.538E-05,1.541E-05,0,0,
638140288882772503,1.539E-05,1.541E-05,1.537E-05,1.542E-05,1.538E-05,1.541E-05,0,0,
638140288882773166,1.539E-05,1.54E-05,1.537E-05,1.542E-05,1.538E-05,1.541E-05,0,0,
638140288883228410,1.539E-05,1.54E-05,1.536E-05,1.542E-05,1.538E-05,1.541E-05,0,0,
638140288885857931,1.539E-05,1.541E-05,1.536E-05,1.542E-05,1.538E-05,1.541E-05,0,0,
638140288886902200,1.54E-05,1.541E-05,1.536E-05,1.542E-05,1.538E-05,1.541E-05,0,0,
638140288887271684,1.54E-05,1.541E-05,1.537E-05,1.542E-05,1.538E-05,1.541E-05,0,0,
638140288970036800,1.54E-05,1.541E-05,1.537E-05,1.542E-05,1.538E-05,1.542E-05,0,0,
638140288978172351,1.54E-05,1.541E-05,1.537E-05,1.542E-05,1.538E-05,1.541E-05,0,0,
638140288988030386,1.54E-05,1.541E-05,1.537E-05,1.542E-05,1.539E-05,1.541E-05,0,0,
638140289006978128,1.54E-05,1.541E-05,1.537E-05,1.542E-05,1.538E-05,1.541E-05,0,0,
638140289020984714,1.54E-05,1.541E-05,1.537E-05,1.542E-05,1.539E-05,1.541E-05,0,0,
638140289020987017,1.54E-05,1.541E-05,1.537E-05,1.542E-05,1.539E-05,1.542E-05,0,0,
638140289021618290,1.54E-05,1.541E-05,1.537E-05,1.543E-05,1.539E-05,1.542E-05,0,0,
638140289025419386,1.54E-05,1.541E-05,1.537E-05,1.544E-05,1.539E-05,1.542E-05,0,0,
638140289033909435,1.54E-05,1.541E-05,1.538E-05,1.544E-05,1.539E-05,1.542E-05,0,0,
638140289033945246,1.541E-05,1.541E-05,1.538E-05,1.544E-05,1.539E-05,1.542E-05,0,0,
638140289033946329,1.541E-05,1.542E-05,1.538E-05,1.544E-05,1.539E-05,1.542E-05,0,0,
638140289037058092,1.541E-05,1.542E-05,1.538E-05,1.544E-05,1.54E-05,1.542E-05,0,0,
638140289047088253,1.541E-05,1.542E-05,1.538E-05,1.544E-05,1.541E-05,1.542E-05,0,0,
638140289064283484,1.541E-05,1.542E-05,1.538E-05,1.544E-05,1.54E-05,1.542E-05,0,0,
638140289068002887,1.541E-05,1.542E-05,1.538E-05,1.544E-05,1.539E-05,1.542E-05,0,0,
638140289118028882,1.541E-05,1.542E-05,1.538E-05,1.544E-05,1.539E-05,1.543E-05,0,0,
638140289123172383,1.541E-05,1.542E-05,1.538E-05,1.544E-05,1.54E-05,1.543E-05,0,0,
638140289126128666,1.541E-05,1.542E-05,1.538E-05,1.544E-05,1.541E-05,1.542E-05,0,0,
638140289126129489,1.541E-05,1.542E-05,1.538E-05,1.544E-05,1.541E-05,1.542E-05,0,0,
638140289136020640,1.541E-05,1.542E-05,1.538E-05,1.544E-05,1.54E-05,1.542E-05,0,0,
638140289200381060,1.541E-05,1.542E-05,1.538E-05,1.544E-05,1.539E-05,1.542E-05,0,0,
638140289258009323,1.54E-05,1.541E-05,1.538E-05,1.544E-05,1.539E-05,1.542E-05,0,0,
638140289258010295,1.54E-05,1.541E-05,1.538E-05,1.544E-05,1.539E-05,1.542E-05,0,0,
638140289258248086,1.54E-05,1.541E-05,1.538E-05,1.543E-05,1.539E-05,1.542E-05,0,0,
638140289366987659,1.541E-05,1.542E-05,1.538E-05,1.543E-05,1.539E-05,1.542E-05,0,0,
638140289366988021,1.541E-05,1.542E-05,1.538E-05,1.543E-05,1.539E-05,1.542E-05,0,0,
638140289369015734,1.541E-05,1.542E-05,1.538E-05,1.544E-05,1.539E-05,1.542E-05,0,0,
638140289378046794,1.54E-05,1.542E-05,1.538E-05,1.544E-05,1.539E-05,1.542E-05,0,0,
638140289378048448,1.54E-05,1.541E-05,1.538E-05,1.544E-05,1.539E-05,1.542E-05,0,0,
638140289379298481,1.54E-05,1.541E-05,1.538E-05,1.543E-05,1.539E-05,1.542E-05,0,0,
638140289413305803,1.54E-05,1.541E-05,1.538E-05,1.543E-05,1.539E-05,1.541E-05,0,0,
638140289420036982,1.541E-05,1.542E-05,1.538E-05,1.543E-05,1.539E-05,1.541E-05,0,0,
638140289420037756,1.541E-05,1.542E-05,1.538E-05,1.543E-05,1.539E-05,1.541E-05,0,0,
638140289420954274,1.54E-05,1.542E-05,1.538E-05,1.543E-05,1.539E-05,1.541E-05,0,0,
638140289420956465,1.54E-05,1.541E-05,1.538E-05,1.543E-05,1.539E-05,1.541E-05,0,0,
638140289447247257,1.54E-05,1.541E-05,1.538E-05,1.543E-05,1.539E-05,1.542E-05,0,0,
638140289448041315,1.541E-05,1.541E-05,1.538E-05,1.543E-05,1.539E-05,1.542E-05,0,0,
638140289448042784,1.541E-05,1.542E-05,1.538E-05,1.543E-05,1.539E-05,1.542E-05,0,0,
638140289449745539,1.541E-05,1.542E-05,1.538E-05,1.544E-05,1.539E-05,1.542E-05,0,0,
638140289673158315,1.54E-05,1.542E-05,1.538E-05,1.544E-05,1.539E-05,1.542E-05,0,0,
638140289674180002,1.54E-05,1.541E-05,1.538E-05,1.544E-05,1.539E-05,1.542E-05,0,0,
638140289674651374,1.54E-05,1.541E-05,1.538E-05,1.543E-05,1.539E-05,1.542E-05,0,0,
638140289719415564,1.54E-05,1.541E-05,1.538E-05,1.543E-05,1.539E-05,1.541E-05,0,0,
638140289795229742,1.54E-05,1.542E-05,1.538E-05,1.543E-05,1.539E-05,1.541E-05,0,0,
638140289795658298,1.54E-05,1.542E-05,1.538E-05,1.544E-05,1.539E-05,1.541E-05,0,0,
638140289803160663,1.54E-05,1.541E-05,1.538E-05,1.544E-05,1.539E-05,1.541E-05,0,0,
638140289803761644,1.54E-05,1.541E-05,1.538E-05,1.543E-05,1.539E-05,1.541E-05,0,0,
638140289821149551,1.54E-05,1.541E-05,1.538E-05,1.543E-05,1.539E-05,1.542E-05,0,0,
638140289850510684,1.54E-05,1.541E-05,1.537E-05,1.543E-05,1.539E-05,1.542E-05,0,0,
638140289860427660,1.54E-05,1.541E-05,1.536E-05,1.543E-05,1.539E-05,1.542E-05,0,0,
638140289907042332,1.54E-05,1.541E-05,1.537E-05,1.543E-05,1.539E-05,1.542E-05,0,0,
638140289921390087,1.54E-05,1.541E-05,1.536E-05,1.543E-05,1.539E-05,1.542E-05,0,0,
638140289922016855,1.54E-05,1.541E-05,1.536E-05,1.543E-05,1.539E-05,1.541E-05,0,0,
638140289951528401,1.54E-05,1.541E-05,1.537E-05,1.543E-05,1.539E-05,1.541E-05,0,0,
638140289972273409,1.539E-05,1.54E-05,1.537E-05,1.543E-05,1.539E-05,1.541E-05,0,0,
638140289972274923,1.539E-05,1.54E-05,1.537E-05,1.543E-05,1.539E-05,1.541E-05,0,0,
638140289972594497,1.539E-05,1.54E-05,1.537E-05,1.542E-05,1.539E-05,1.541E-05,0,0,
638140289973855156,1.539E-05,1.54E-05,1.536E-05,1.542E-05,1.539E-05,1.541E-05,0,0,
638140290004066654,1.539E-05,1.54E-05,1.536E-05,1.542E-05,1.538E-05,1.541E-05,0,0,
638140290006216993,1.539E-05,1.54E-05,1.536E-05,1.542E-05,1.539E-05,1.541E-05,0,0,
638140290016080848,1.539E-05,1.54E-05,1.536E-05,1.542E-05,1.538E-05,1.541E-05,0,0,
638140290028130598,1.539E-05,1.54E-05,1.536E-05,1.542E-05,1.538E-05,1.54E-05,0,0,
638140290044188892,1.539E-05,1.54E-05,1.536E-05,1.542E-05,1.537E-05,1.54E-05,0,0,
638140290068113473,1.539E-05,1.54E-05,1.536E-05,1.542E-05,1.538E-05,1.54E-05,0,0,
638140290068115050,1.539E-05,1.54E-05,1.536E-05,1.542E-05,1.538E-05,1.541E-05,0,0,
638140290095082687,1.539E-05,1.54E-05,1.536E-05,1.542E-05,1.539E-05,1.541E-05,0,0,
638140290105055324,1.539E-05,1.54E-05,1.536E-05,1.542E-05,1.539E-05,1.54E-05,0,0,
638140290105060126,1.539E-05,1.54E-05,1.536E-05,1.542E-05,1.537E-05,1.54E-05,0,0,
638140290111246187,1.539E-05,1.54E-05,1.536E-05,1.542E-05,1.537E-05,1.541E-05,0,0,
638140290115202282,1.539E-05,1.54E-05,1.536E-05,1.542E-05,1.538E-05,1.541E-05,0,0,
638140290115203250,1.539E-05,1.54E-05,1.536E-05,1.542E-05,1.538E-05,1.54E-05,0,0,
638140290125000016,1.539E-05,1.54E-05,1.536E-05,1.542E-05,1.537E-05,1.54E-05,0,0,
638140290141142866,1.539E-05,1.54E-05,1.536E-05,1.542E-05,1.538E-05,1.54E-05,0,0,
638140290153192370,1.539E-05,1.54E-05,1.536E-05,1.542E-05,1.538E-05,1.541E-05,0,0,
638140290154120628,1.539E-05,1.54E-05,1.536E-05,1.542E-05,1.538E-05,1.54E-05,0,0,
638140290159134168,1.539E-05,1.54E-05,1.536E-05,1.542E-05,1.537E-05,1.54E-05,0,0,
638140290165094972,1.539E-05,1.54E-05,1.536E-05,1.542E-05,1.537E-05,1.541E-05,0,0,
638140290174038820,1.539E-05,1.54E-05,1.536E-05,1.542E-05,1.538E-05,1.541E-05,0,0,
638140290174039548,1.539E-05,1.54E-05,1.536E-05,1.542E-05,1.538E-05,1.54E-05,0,0,
638140290177036609,1.539E-05,1.54E-05,1.536E-05,1.542E-05,1.537E-05,1.54E-05,0,0,
638140290177165817,1.539E-05,1.54E-05,1.536E-05,1.542E-05,1.537E-05,1.541E-05,0,0,
638140290178153533,1.539E-05,1.54E-05,1.536E-05,1.542E-05,1.538E-05,1.54E-05,0,0,
638140290178154102,1.539E-05,1.54E-05,1.536E-05,1.542E-05,1.538E-05,1.54E-05,0,0,
638140290184072354,1.539E-05,1.54E-05,1.536E-05,1.542E-05,1.537E-05,1.54E-05,0,0,
638140290194339501,1.539E-05,1.539E-05,1.536E-05,1.542E-05,1.537E-05,1.54E-05,0,0,
638140290194340477,1.538E-05,1.539E-05,1.536E-05,1.542E-05,1.537E-05,1.54E-05,0,0,
638140290195437415,1.538E-05,1.539E-05,1.536E-05,1.541E-05,1.537E-05,1.54E-05,0,0,
638140290201136969,1.538E-05,1.539E-05,1.536E-05,1.541E-05,1.537E-05,1.541E-05,0,0,
638140290204136284,1.538E-05,1.539E-05,1.536E-05,1.541E-05,1.538E-05,1.54E-05,0,0,
638140290204136769,1.538E-05,1.539E-05,1.536E-05,1.541E-05,1.538E-05,1.54E-05,0,0,
638140290214077429,1.538E-05,1.539E-05,1.536E-05,1.541E-05,1.537E-05,1.54E-05,0,0,
638140290320552596,1.539E-05,1.54E-05,1.536E-05,1.541E-05,1.537E-05,1.54E-05,0,0,
638140290320553804,1.539E-05,1.54E-05,1.536E-05,1.541E-05,1.537E-05,1.54E-05,0,0,
638140290322168073,1.539E-05,1.54E-05,1.536E-05,1.542E-05,1.537E-05,1.54E-05,0,0,
638140290337108487,1.539E-05,1.54E-05,1.536E-05,1.542E-05,1.538E-05,1.54E-05,0,0,
638140290337109183,1.539E-05,1.54E-05,1.536E-05,1.542E-05,1.538E-05,1.541E-05,0,0,
638140290342165523,1.539E-05,1.54E-05,1.536E-05,1.542E-05,1.538E-05,1.54E-05,0,0,
638140290352167368,1.539E-05,1.54E-05,1.536E-05,1.542E-05,1.538E-05,1.541E-05,0,0,
638140290362206451,1.539E-05,1.54E-05,1.536E-05,1.542E-05,1.538E-05,1.54E-05,0,0,
638140290491083189,1.539E-05,1.54E-05,1.536E-05,1.542E-05,1.538E-05,1.541E-05,0,0,
638140290500176204,1.539E-05,1.54E-05,1.536E-05,1.542E-05,1.538E-05,1.54E-05,0,0,
638140290514501807,1.538E-05,1.54E-05,1.536E-05,1.542E-05,1.538E-05,1.54E-05,0,0,
638140290514503187,1.538E-05,1.539E-05,1.536E-05,1.542E-05,1.538E-05,1.54E-05,0,0,
638140290514979756,1.538E-05,1.539E-05,1.536E-05,1.541E-05,1.538E-05,1.54E-05,0,0,
638140290560155328,1.538E-05,1.539E-05,1.536E-05,1.541E-05,1.538E-05,1.539E-05,0,0,
638140290563078389,1.538E-05,1.539E-05,1.536E-05,1.541E-05,1.538E-05,1.54E-05,0,0,
638140290565433876,1.538E-05,1.539E-05,1.536E-05,1.542E-05,1.538E-05,1.54E-05,0,0,
638140290575566775,1.538E-05,1.539E-05,1.536E-05,1.541E-05,1.538E-05,1.54E-05,0,0,
638140290580121027,1.538E-05,1.539E-05,1.536E-05,1.541E-05,1.538E-05,1.541E-05,0,0,
638140290587091972,1.538E-05,1.539E-05,1.536E-05,1.541E-05,1.538E-05,1.54E-05,0,0,
638140290589125157,1.538E-05,1.539E-05,1.536E-05,1.541E-05,1.538E-05,1.541E-05,0,0,
638140290607186247,1.538E-05,1.539E-05,1.536E-05,1.541E-05,1.538E-05,1.54E-05,0,0,
638140290609066372,1.538E-05,1.539E-05,1.536E-05,1.541E-05,1.538E-05,1.541E-05,0,0,
638140290619071522,1.538E-05,1.539E-05,1.536E-05,1.541E-05,1.538E-05,1.54E-05,0,0,
638140290629160980,1.538E-05,1.539E-05,1.536E-05,1.541E-05,1.538E-05,1.541E-05,0,0,
638140290632027869,1.538E-05,1.539E-05,1.536E-05,1.541E-05,1.538E-05,1.54E-05,0,0,
638140290671126123,1.538E-05,1.539E-05,1.536E-05,1.541E-05,1.536E-05,1.54E-05,0,0,
638140290675803043,1.538E-05,1.539E-05,1.535E-05,1.541E-05,1.536E-05,1.54E-05,0,0,
638140290676642778,1.537E-05,1.539E-05,1.535E-05,1.541E-05,1.536E-05,1.54E-05,0,0,
638140290676644701,1.537E-05,1.538E-05,1.535E-05,1.541E-05,1.536E-05,1.54E-05,0,0,
638140290677763157,1.537E-05,1.538E-05,1.534E-05,1.541E-05,1.536E-05,1.54E-05,0,0,
638140290678245659,1.537E-05,1.538E-05,1.534E-05,1.54E-05,1.536E-05,1.54E-05,0,0,
638140290678259092,1.537E-05,1.538E-05,1.534E-05,1.54E-05,1.537E-05,1.539E-05,0,0,
638140290678259411,1.537E-05,1.538E-05,1.534E-05,1.54E-05,1.537E-05,1.539E-05,0,0,
638140290684209933,1.537E-05,1.538E-05,1.534E-05,1.54E-05,1.536E-05,1.539E-05,0,0,
638140290684212177,1.537E-05,1.538E-05,1.534E-05,1.54E-05,1.536E-05,1.54E-05,0,0,
638140290688124957,1.537E-05,1.538E-05,1.534E-05,1.54E-05,1.537E-05,1.54E-05,0,0,
638140290688126416,1.537E-05,1.538E-05,1.534E-05,1.54E-05,1.537E-05,1.539E-05,0,0,
638140290791158408,1.537E-05,1.538E-05,1.534E-05,1.54E-05,1.537E-05,1.538E-05,0,0,
638140290817197156,1.537E-05,1.538E-05,1.534E-05,1.54E-05,1.537E-05,1.539E-05,0,0,
638140290832100660,1.537E-05,1.538E-05,1.534E-05,1.54E-05,1.536E-05,1.539E-05,0,0,
638140290859121561,1.537E-05,1.538E-05,1.534E-05,1.54E-05,1.535E-05,1.539E-05,0,0,
638140290866232539,1.537E-05,1.538E-05,1.534E-05,1.54E-05,1.536E-05,1.539E-05,0,0,
638140290896134951,1.537E-05,1.538E-05,1.534E-05,1.54E-05,1.536E-05,1.538E-05,0,0,
638140290936165707,1.537E-05,1.538E-05,1.534E-05,1.54E-05,1.536E-05,1.539E-05,0,0,
638140290955165304,1.537E-05,1.538E-05,1.534E-05,1.54E-05,1.537E-05,1.539E-05,0,0,
638140290956117061,1.537E-05,1.538E-05,1.534E-05,1.54E-05,1.536E-05,1.539E-05,0,0,
638140290985102879,1.537E-05,1.538E-05,1.534E-05,1.54E-05,1.536E-05,1.538E-05,0,0,
638140291042750177,1.536E-05,1.538E-05,1.534E-05,1.54E-05,1.536E-05,1.538E-05,0,0,
638140291042754494,1.536E-05,1.537E-05,1.534E-05,1.54E-05,1.536E-05,1.538E-05,0,0,
638140291043690614,1.536E-05,1.537E-05,1.534E-05,1.539E-05,1.536E-05,1.538E-05,0,0,
638140291272659041,1.536E-05,1.537E-05,1.534E-05,1.539E-05,1.536E-05,1.537E-05,0,0,
638140291272669046,1.536E-05,1.537E-05,1.534E-05,1.539E-05,1.535E-05,1.537E-05,0,0,
638140291341395627,1.536E-05,1.537E-05,1.534E-05,1.539E-05,1.535E-05,1.538E-05,0,0,
638140291351210620,1.536E-05,1.537E-05,1.534E-05,1.539E-05,1.535E-05,1.537E-05,0,0,
638140291371058562,1.536E-05,1.537E-05,1.534E-05,1.539E-05,1.535E-05,1.538E-05,0,0,
638140291390342149,1.536E-05,1.537E-05,1.534E-05,1.539E-05,1.535E-05,1.537E-05,0,0,
638140291410147292,1.536E-05,1.537E-05,1.534E-05,1.539E-05,1.535E-05,1.538E-05,0,0,
638140291415190895,1.536E-05,1.537E-05,1.534E-05,1.539E-05,1.535E-05,1.537E-05,0,0,
638140291426147460,1.536E-05,1.537E-05,1.534E-05,1.539E-05,1.535E-05,1.538E-05,0,0,
638140291430184882,1.536E-05,1.537E-05,1.534E-05,1.539E-05,1.536E-05,1.537E-05,0,0,
638140291430185499,1.536E-05,1.537E-05,1.534E-05,1.539E-05,1.536E-05,1.537E-05,0,0,
638140291438229501,1.536E-05,1.537E-05,1.534E-05,1.539E-05,1.536E-05,1.538E-05,0,0,
638140291529298417,1.536E-05,1.537E-05,1.534E-05,1.539E-05,1.536E-05,1.539E-05,0,0,
638140291638224782,1.536E-05,1.537E-05,1.534E-05,1.539E-05,1.536E-05,1.538E-05,0,0,
638140291702299711,1.536E-05,1.537E-05,1.534E-05,1.539E-05,1.535E-05,1.538E-05,0,0,
638140291717140760,1.536E-05,1.537E-05,1.534E-05,1.539E-05,1.535E-05,1.537E-05,0,0,
638140291742121426,1.536E-05,1.537E-05,1.534E-05,1.539E-05,1.535E-05,1.538E-05,0,0,
638140291746214046,1.536E-05,1.537E-05,1.534E-05,1.539E-05,1.535E-05,1.537E-05,0,0,
638140291755208049,1.536E-05,1.537E-05,1.534E-05,1.539E-05,1.534E-05,1.537E-05,0,0,
