time,binanceETHBTCbidMax,binanceETHBTCsellMin,nicehashETHBTCbidMax,nicehashETHBTCsellMin,okxETHBTCETH-BTCbidMax,okxETHBTCETH-BTCsellMin,bitstampETHBTCbidMax,bitstampETHBTCsellMin,
638140282208011331,0,0,0,0,0.07069,0,0,0,
638140282208012482,0,0,0,0,0.0707,0.0708,0,0,
638140282208013481,0,0,0,0,0.0707,0.0708,0,0,
638140282208014437,0,0,0,0,0.0707,0.07078,0,0,
638140282208015421,0,0,0,0,0.0707,0.07078,0,0,
638140282208016151,0,0,0,0,0.0707,0.07078,0,0,
638140282208017172,0,0,0,0,0.0707,0.07078,0,0,
638140282208705501,0,0,0,0,0.07072,0.07078,0,0,
638140282208706736,0,0,0,0,0.07072,0.07078,0,0,
638140282208713563,0,0,0,0,0.07072,0.07076,0,0,
638140282208714191,0,0,0,0,0.07072,0.07076,0,0,
638140282209813808,0,0,0,0,0.07072,0.07075,0,0,
638140282232721399,0,0,0,0,0.07073,0.07075,0,0,
638140282369890404,0.070583,0,0,0,0.07073,0.07075,0,0,
638140282369892136,0.070622,0,0,0,0.07073,0.07075,0,0,
638140282370813353,0.070628,0.070798,0,0,0.07073,0.07075,0,0,
638140282370813694,0.070628,0.07077,0,0,0.07073,0.07075,0,0,
638140282370814016,0.070628,0.07077,0,0,0.07073,0.07075,0,0,
638140282374712641,0.070628,0.070767,0,0,0.07073,0.07075,0,0,
638140282375832628,0.070707,0.070767,0,0,0.07073,0.07075,0,0,
638140282375834483,0.070722,0.070767,0,0,0.07073,0.07075,0,0,
638140282375835114,0.070722,0.070767,0,0,0.07073,0.07075,0,0,
638140282375839230,0.070722,0.070723,0,0,0.07073,0.07075,0,0,
638140282376755965,0.070723,0.070723,0,0,0.07073,0.07075,0,0,
638140282376759949,0.070723,0.070727,0,0,0.07073,0.07075,0,0,
638140282377839634,0.070723,0.070726,0,0,0.07073,0.07075,0,0,
638140282400630849,0.070723,0.070726,0,0,0.07074,0.07075,0,0,
638140282401715236,0.070723,0.070724,0,0,0.07074,0.07075,0,0,
638140282408673152,0.070724,0.070724,0,0,0.07074,0.07075,0,0,
638140282408801579,0.070724,0.070726,0,0,0.07074,0.07075,0,0,
638140282411796190,0.070727,0.070726,0,0,0.07074,0.07075,0,0,
638140282411796604,0.070727,0.070726,0,0,0.07074,0.07075,0,0,
638140282411798012,0.070727,0.070728,0,0,0.07074,0.07075,0,0,
638140282430895530,0.070728,0.070729,0,0,0.07074,0.07075,0,0,
638140282430896102,0.070728,0.070729,0,0,0.07074,0.07075,0,0,
638140282469712322,0.070729,0.070729,0,0,0.07074,0.07075,0,0,
638140282469713380,0.070729,0.070731,0,0,0.07074,0.07075,0,0,
638140282488687905,0.070729,0.070735,0,0,0.07074,0.07075,0,0,
638140282488688372,0.070729,0.070735,0,0,0.07074,0.07075,0,0,
638140282488688739,0.070729,0.070735,0,0,0.07074,0.07075,0,0,
638140282488697865,0.070731,0.070735,0,0,0.07074,0.07075,0,0,
638140282488698099,0.070734,0.070735,0,0,0.07074,0.07075,0,0,
638140282488698408,0.070734,0.070735,0,0,0.07074,0.07075,0,0,
638140282490488162,0.070734,0.070735,0.06710001,0,0.07074,0.07075,0,0,
638140282511749868,0.070735,0.070735,0.06710001,0,0.07074,0.07075,0,0,
638140282511751053,0.070735,0.070736,0.06710001,0,0.07074,0.07075,0,0,
638140282514751972,0.070735,0.070736,0.06710001,0,0.07075,0.07075,0,0,
638140282514754746,0.070735,0.070736,0.06710001,0,0.07075,0.07076,0,0,
638140282616736448,0.070735,0.070736,0.06710001,0,0.07074,0.07075,0,0,
638140282616736917,0.070735,0.070736,0.06710001,0,0.07074,0.07075,0,0,
638140282637888956,0.070736,0.070736,0.06710001,0,0.07074,0.07075,0,0,
638140282637889892,0.070736,0.070737,0.06710001,0,0.07074,0.07075,0,0,
638140282680972599,0.070738,0.070739,0.06710001,0,0.07074,0.07075,0,0,
638140282680973655,0.070738,0.070739,0.06710001,0,0.07074,0.07075,0,0,
638140282680973980,0.070738,0.070739,0.06710001,0,0.07074,0.07075,0,0,
638140282719863329,0.070739,0.070739,0.06710001,0,0.07074,0.07075,0,0,
638140282719864067,0.070739,0.07074,0.06710001,0,0.07074,0.07075,0,0,
638140282735892611,0.070738,0.070739,0.06710001,0,0.07074,0.07075,0,0,
638140282735893943,0.070738,0.070739,0.06710001,0,0.07074,0.07075,0,0,
638140282862892651,0.070739,0.070739,0.06710001,0,0.07074,0.07075,0,0,
638140282862894690,0.070739,0.07074,0.06710001,0,0.07074,0.07075,0,0,
638140282866048877,0.07074,0.07074,0.06710001,0,0.07074,0.07075,0,0,
638140282866050040,0.07074,0.070741,0.06710001,0,0.07074,0.07075,0,0,
638140282992006657,0.07074,0.070741,0,0,0.07074,0.07075,0,0,
638140282994363677,0.07074,0.070741,0.06710001,0,0.07074,0.07075,0,0,
638140283016979342,0.070738,0.070741,0.06710001,0,0.07074,0.07075,0,0,
638140283016979913,0.070738,0.070741,0.06710001,0,0.07074,0.07075,0,0,
638140283016980743,0.070738,0.070739,0.06710001,0,0.07074,0.07075,0,0,
638140283036010812,0.070737,0.070738,0.06710001,0,0.07074,0.07075,0,0,
638140283036021874,0.070737,0.070738,0.06710001,0,0.07074,0.07075,0,0,
638140283054130612,0.070749,0.070738,0.06710001,0,0.07074,0.07075,0,0,
638140283054131461,0.070749,0.070738,0.06710001,0,0.07074,0.07075,0,0,
638140283054131805,0.070749,0.070738,0.06710001,0,0.07074,0.07075,0,0,
638140283054132174,0.070749,0.070738,0.06710001,0,0.07074,0.07075,0,0,
638140283054132649,0.070754,0.070738,0.06710001,0,0.07074,0.07075,0,0,
638140283054141050,0.070754,0.070755,0.06710001,0,0.07074,0.07075,0,0,
638140283096089345,0.070756,0.070755,0.06710001,0,0.07074,0.07075,0,0,
638140283096089858,0.070756,0.070755,0.06710001,0,0.07074,0.07075,0,0,
638140283096090186,0.070756,0.070757,0.06710001,0,0.07074,0.07075,0,0,
638140283197072637,0.070757,0.070758,0.06710001,0,0.07074,0.07075,0,0,
638140283197073527,0.070757,0.070758,0.06710001,0,0.07074,0.07075,0,0,
638140283224734226,0.070757,0.070758,0.06710001,0,0.07075,0.07075,0,0,
638140283224738950,0.070757,0.070758,0.06710001,0,0.07075,0.07076,0,0,
638140283227807351,0.070757,0.070758,0.06710001,0,0.07076,0.07076,0,0,
638140283227809778,0.070757,0.070758,0.06710001,0,0.07076,0.07077,0,0,
638140283228104513,0.070758,0.070758,0.06710001,0,0.07076,0.07077,0,0,
638140283228107265,0.070758,0.070759,0.06710001,0,0.07076,0.07077,0,0,
638140283229208674,0.070757,0.070759,0.06710001,0,0.07076,0.07077,0,0,
638140283229209429,0.07076,0.070759,0.06710001,0,0.07076,0.07077,0,0,
638140283229209817,0.07076,0.070759,0.06710001,0,0.07076,0.07077,0,0,
638140283229210845,0.070771,0.070759,0.06710001,0,0.07076,0.07077,0,0,
638140283229211248,0.070771,0.070759,0.06710001,0,0.07076,0.07077,0,0,
638140283229212877,0.070776,0.070759,0.06710001,0,0.07076,0.07077,0,0,
638140283229213200,0.070776,0.070759,0.06710001,0,0.07076,0.07077,0,0,
638140283229214807,0.070778,0.070759,0.06710001,0,0.07076,0.07077,0,0,
638140283229221439,0.070778,0.070779,0.06710001,0,0.07076,0.07077,0,0,
638140283229819879,0.070778,0.070779,0.06710001,0,0.07076,0.07078,0,0,
638140283229826143,0.070778,0.070779,0.06710001,0,0.07077,0.07078,0,0,
638140283234185626,0.070771,0.070779,0.06710001,0,0.07077,0.07078,0,0,
638140283234188498,0.070771,0.070777,0.06710001,0,0.07077,0.07078,0,0,
638140283234189292,0.070771,0.070776,0.06710001,0,0.07077,0.07078,0,0,
638140283234660880,0.070771,0.070776,0.06710001,0,0.07076,0.07078,0,0,
638140283234663331,0.070771,0.070776,0.06710001,0,0.07076,0.07077,0,0,
638140283235127441,0.070771,0.070775,0.06710001,0,0.07076,0.07077,0,0,
638140283235127818,0.070771,0.070775,0.06710001,0,0.07076,0.07077,0,0,
638140283235128191,0.070771,0.070775,0.06710001,0,0.07076,0.07077,0,0,
638140283235128980,0.070771,0.070772,0.06710001,0,0.07076,0.07077,0,0,
638140283236058394,0.070767,0.070772,0.06710001,0,0.07076,0.07077,0,0,
638140283236062647,0.070767,0.070771,0.06710001,0,0.07076,0.07077,0,0,
638140283236062960,0.070767,0.070768,0.06710001,0,0.07076,0.07077,0,0,
638140283238293611,0.070764,0.070768,0.06710001,0,0.07076,0.07077,0,0,
638140283238296459,0.070764,0.070765,0.06710001,0,0.07076,0.07077,0,0,
638140283239158433,0.070763,0.070765,0.06710001,0,0.07076,0.07077,0,0,
638140283239159781,0.070763,0.070764,0.06710001,0,0.07076,0.07077,0,0,
638140283240283098,0.070759,0.070763,0.06710001,0,0.07076,0.07077,0,0,
638140283240283584,0.070759,0.070763,0.06710001,0,0.07076,0.07077,0,0,
638140283240284798,0.070759,0.07076,0.06710001,0,0.07076,0.07077,0,0,
638140283241193987,0.070747,0.07076,0.06710001,0,0.07076,0.07077,0,0,
638140283241196405,0.070747,0.070766,0.06710001,0,0.07076,0.07077,0,0,
638140283241196725,0.070747,0.070766,0.06710001,0,0.07076,0.07077,0,0,
638140283241198733,0.070747,0.070748,0.06710001,0,0.07076,0.07077,0,0,
638140283241199180,0.070747,0.070748,0.06710001,0,0.07076,0.07077,0,0,
638140283245262967,0.070748,0.070748,0.06710001,0,0.07076,0.07077,0,0,
638140283245277799,0.070754,0.070748,0.06710001,0,0.07076,0.07077,0,0,
638140283245279834,0.070754,0.070759,0.06710001,0,0.07076,0.07077,0,0,
638140283245280857,0.070754,0.070759,0.06710001,0,0.07076,0.07077,0,0,
638140283245281198,0.070754,0.070759,0.06710001,0,0.07076,0.07077,0,0,
638140283245785139,0.070754,0.070759,0.06710001,0,0.07076,0.07078,0,0,
638140283245807766,0.070754,0.070759,0.06710001,0,0.07077,0.07078,0,0,
638140283246226145,0.070755,0.070759,0.06710001,0,0.07077,0.07078,0,0,
638140283246226544,0.070755,0.070759,0.06710001,0,0.07077,0.07078,0,0,
638140283246227973,0.070758,0.070759,0.06710001,0,0.07077,0.07078,0,0,
638140283255836270,0.070758,0.070759,0.06710001,0,0.07076,0.07077,0,0,
638140283255837829,0.070758,0.070759,0.06710001,0,0.07076,0.07077,0,0,
638140283260340952,0.070757,0.070759,0.06710001,0,0.07076,0.07077,0,0,
638140283260342495,0.070757,0.070758,0.06710001,0,0.07076,0.07077,0,0,
638140283268203797,0.070756,0.070757,0.06710001,0,0.07076,0.07077,0,0,
638140283268205787,0.070756,0.070757,0.06710001,0,0.07076,0.07077,0,0,
638140283274268072,0.070755,0.070757,0.06710001,0,0.07076,0.07077,0,0,
638140283274274186,0.070755,0.070756,0.06710001,0,0.07076,0.07077,0,0,
638140283390775647,0.070755,0.070756,0.06710001,0,0.07074,0.07077,0,0,
638140283390777903,0.070755,0.070756,0.06710001,0,0.07074,0.07075,0,0,
638140283390778244,0.070755,0.070756,0.06710001,0,0.07074,0.07075,0,0,
638140283425171377,0.070756,0.070756,0.06710001,0,0.07074,0.07075,0,0,
638140283425172072,0.070756,0.070757,0.06710001,0,0.07074,0.07075,0,0,
638140283490249735,0.070757,0.070757,0.06710001,0,0.07074,0.07075,0,0,
638140283490250761,0.070757,0.070758,0.06710001,0,0.07074,0.07075,0,0,
638140283497310613,0.070758,0.070758,0.06710001,0,0.07074,0.07075,0,0,
638140283497312895,0.070758,0.070759,0.06710001,0,0.07074,0.07075,0,0,
638140283498683152,0.070758,0.070759,0.06710001,0,0.07074,0.07076,0,0,
638140283500767397,0.070758,0.070759,0.06710001,0,0.07075,0.07076,0,0,
638140283509734656,0.070758,0.070759,0.06710001,0,0.07076,0.07076,0,0,
638140283509742104,0.070758,0.070759,0.06710001,0,0.07076,0.07077,0,0,
638140283510318714,0.070758,0.07076,0.06710001,0,0.07076,0.07077,0,0,
638140283510327301,0.070759,0.07076,0.06710001,0,0.07076,0.07077,0,0,
638140283512399685,0.07076,0.07076,0.06710001,0,0.07076,0.07077,0,0,
638140283512401694,0.07076,0.070761,0.06710001,0,0.07076,0.07077,0,0,
638140283513356526,0.070761,0.070761,0.06710001,0,0.07076,0.07077,0,0,
638140283513359929,0.070761,0.070762,0.06710001,0,0.07076,0.07077,0,0,
638140283515721897,0.070761,0.070762,0.06710001,0,0.07076,0.07078,0,0,
638140283516778194,0.070761,0.070762,0.06710001,0,0.07077,0.07078,0,0,
638140283530326476,0.070762,0.070762,0.06710001,0,0.07077,0.07078,0,0,
638140283530327993,0.070762,0.070763,0.06710001,0,0.07077,0.07078,0,0,
638140283547379224,0.070763,0.070763,0.06710001,0,0.07077,0.07078,0,0,
638140283547380121,0.070763,0.070764,0.06710001,0,0.07077,0.07078,0,0,
638140283553667289,0.070763,0.070764,0.06710001,0,0.07076,0.07078,0,0,
638140283572693870,0.070763,0.070764,0.06710001,0,0.07076,0.07077,0,0,
638140283575841100,0.070763,0.070764,0,0,0.07076,0.07077,0,0,
638140283578357968,0.070763,0.070764,0.06709533,0,0.07076,0.07077,0,0,
638140283602256159,0.070763,0.070763,0.06709533,0,0.07076,0.07077,0,0,
638140283602257081,0.070762,0.070763,0.06709533,0,0.07076,0.07077,0,0,
638140283611397933,0.070761,0.070763,0.06709533,0,0.07076,0.07077,0,0,
638140283611398452,0.070761,0.070762,0.06709533,0,0.07076,0.07077,0,0,
638140283646280496,0.07076,0.070762,0.06709533,0,0.07076,0.07077,0,0,
638140283646281063,0.07076,0.070761,0.06709533,0,0.07076,0.07077,0,0,
638140283683338311,0.07076,0.070759,0.06709533,0,0.07076,0.07077,0,0,
638140283683338954,0.07076,0.070758,0.06709533,0,0.07076,0.07077,0,0,
638140283683342664,0.070757,0.070758,0.06709533,0,0.07076,0.07077,0,0,
638140283687284131,0.070757,0.070757,0.06709533,0,0.07076,0.07077,0,0,
638140283687286620,0.070756,0.070757,0.06709533,0,0.07076,0.07077,0,0,
638140283798483372,0.070759,0.070757,0.06709533,0,0.07076,0.07077,0,0,
638140283798486182,0.070759,0.070767,0.06709533,0,0.07076,0.07077,0,0,
638140283798486765,0.070759,0.070767,0.06709533,0,0.07076,0.07077,0,0,
638140283798797441,0.070759,0.070767,0.06709533,0,0.07077,0.07077,0,0,
638140283798801318,0.070759,0.070767,0.06709533,0,0.07077,0.07078,0,0,
638140283799432122,0.07076,0.070767,0.06709533,0,0.07077,0.07078,0,0,
638140283799432556,0.070764,0.070767,0.06709533,0,0.07077,0.07078,0,0,
638140283799432943,0.070764,0.070767,0.06709533,0,0.07077,0.07078,0,0,
638140283799434018,0.070766,0.070767,0.06709533,0,0.07077,0.07078,0,0,
638140283800524218,0.070767,0.070767,0.06709533,0,0.07077,0.07078,0,0,
638140283800531259,0.070767,0.070768,0.06709533,0,0.07077,0.07078,0,0,
638140283833526635,0.070768,0.070769,0.06709533,0,0.07077,0.07078,0,0,
638140283833527224,0.070768,0.070769,0.06709533,0,0.07077,0.07078,0,0,
638140283957051211,0.070768,0.070769,0.06709533,0.07088988,0.07077,0.07078,0,0,
638140283975846128,0.070768,0.070769,0,0.07088988,0.07077,0.07078,0,0,
638140283978381954,0.070768,0.070769,0.06709533,0.07088988,0.07077,0.07078,0,0,
638140284084788824,0.070768,0.070769,0.06709533,0.07088988,0.07076,0.07078,0,0,
638140284084790005,0.070768,0.070769,0.06709533,0.07088988,0.07076,0.07077,0,0,
638140284087827836,0.070768,0.070769,0.06709533,0.07088988,0.07076,0.07078,0,0,
638140284102682056,0.070768,0.070769,0.06709533,0.07088988,0.07076,0.07077,0,0,
638140284136656271,0.070774,0.070776,0.06709533,0.07088988,0.07076,0.07077,0,0,
638140284136659055,0.070774,0.070776,0.06709533,0.07088988,0.07076,0.07077,0,0,
638140284136659464,0.070774,0.070776,0.06709533,0.07088988,0.07076,0.07077,0,0,
638140284137423979,0.070774,0.070776,0.06709533,0.07088988,0.07077,0.07077,0,0,
638140284137424652,0.070774,0.070776,0.06709533,0.07088988,0.07077,0.07078,0,0,
638140284137574507,0.070771,0.070776,0.06709533,0.07088988,0.07077,0.07078,0,0,
638140284137575124,0.070781,0.070776,0.06709533,0.07088988,0.07077,0.07078,0,0,
638140284137576521,0.070782,0.070776,0.06709533,0.07088988,0.07077,0.07078,0,0,
638140284137582529,0.070782,0.070783,0.06709533,0.07088988,0.07077,0.07078,0,0,
638140284137582870,0.070782,0.070783,0.06709533,0.07088988,0.07077,0.07078,0,0,
638140284138031226,0.070782,0.070783,0.06709533,0.07088988,0.07077,0.07079,0,0,
638140284138111344,0.070782,0.070783,0.06709533,0.07088988,0.07078,0.07079,0,0,
638140284138425083,0.070782,0.070783,0.06709533,0.07088968,0.07078,0.07079,0,0,
638140284155515653,0.070783,0.070784,0.06709533,0.07088968,0.07078,0.07079,0,0,
638140284155516127,0.070783,0.070784,0.06709533,0.07088968,0.07078,0.07079,0,0,
638140284157594213,0.070784,0.070784,0.06709533,0.07088968,0.07078,0.07079,0,0,
638140284157596381,0.070784,0.070785,0.06709533,0.07088968,0.07078,0.07079,0,0,
638140284158028578,0.070784,0.070785,0.07068743,0.07088968,0.07078,0.07079,0,0,
638140284170680684,0.070786,0.070785,0.07068743,0.07088968,0.07078,0.07079,0,0,
638140284170682263,0.070786,0.070787,0.07068743,0.07088968,0.07078,0.07079,0,0,
638140284171575993,0.070787,0.070787,0.07068743,0.07088968,0.07078,0.07079,0,0,
638140284171579809,0.070787,0.070788,0.07068743,0.07088968,0.07078,0.07079,0,0,
638140284179786928,0.070787,0.070788,0.07068743,0.07088968,0.07079,0.07079,0,0,
638140284179787302,0.070787,0.070788,0.07068743,0.07088968,0.07079,0.0708,0,0,
638140284180536916,0.070788,0.070788,0.07068743,0.07088968,0.07079,0.0708,0,0,
638140284180538503,0.070788,0.070789,0.07068743,0.07088968,0.07079,0.0708,0,0,
638140284190673976,0.07079,0.070789,0.07068743,0.07088968,0.07079,0.0708,0,0,
638140284190674974,0.07079,0.070789,0.07068743,0.07088968,0.07079,0.0708,0,0,
638140284190675745,0.07079,0.070791,0.07068743,0.07088968,0.07079,0.0708,0,0,
638140284193665880,0.070791,0.070791,0.07068743,0.07088968,0.07079,0.0708,0,0,
638140284193669073,0.070791,0.070792,0.07068743,0.07088968,0.07079,0.0708,0,0,
638140284241696186,0.070791,0.070792,0.07068743,0.07088968,0.07078,0.0708,0,0,
638140284242875733,0.070791,0.070792,0.07068743,0.07088968,0.07078,0.07079,0,0,
638140284288773347,0.070791,0.070792,0.07068743,0.07088967,0.07078,0.07079,0,0,
638140284300730237,0.070791,0.070792,0.07068743,0.07088967,0.07078,0.0708,0,0,
638140284301747624,0.070791,0.070792,0.07068743,0.07088967,0.07079,0.0708,0,0,
638140284342869713,0.070791,0.070792,0.07068743,0.07088967,0.07078,0.0708,0,0,
638140284352872738,0.070791,0.070792,0.07068743,0.07088967,0.07079,0.0708,0,0,
638140284353840628,0.070791,0.070792,0.07068743,0.07088967,0.07078,0.0708,0,0,
638140284353841520,0.070791,0.070792,0.07068743,0.07088967,0.07078,0.07079,0,0,
638140284357880724,0.070791,0.070792,0.07068743,0.07088967,0.07078,0.0708,0,0,
638140284358824341,0.070791,0.070792,0.07068743,0.07088967,0.07079,0.0708,0,0,
638140284360742835,0.070791,0.070792,0.07068743,0.07088967,0.07078,0.0708,0,0,
638140284361770651,0.070791,0.070792,0.07068743,0.07088967,0.07079,0.0708,0,0,
638140284362728488,0.070791,0.070792,0.07068743,0.07088967,0.07078,0.0708,0,0,
638140284369773504,0.070791,0.070792,0.07068743,0.07088967,0.07079,0.0708,0,0,
638140284370890819,0.070791,0.070792,0.07068743,0.07088967,0.07078,0.0708,0,0,
638140284372604933,0.07079,0.070791,0.07068743,0.07088967,0.07078,0.0708,0,0,
638140284372605536,0.07079,0.070791,0.07068743,0.07088967,0.07078,0.0708,0,0,
638140284380004038,0.07079,0.070791,0.07068743,0.07088967,0.07078,0.07079,0,0,
638140284396786623,0.070789,0.07079,0.07068743,0.07088967,0.07078,0.07079,0,0,
638140284396787235,0.070789,0.07079,0.07068743,0.07088967,0.07078,0.07079,0,0,
638140284397684179,0.070788,0.07079,0.07068743,0.07088967,0.07078,0.07079,0,0,
638140284397684811,0.070788,0.070789,0.07068743,0.07088967,0.07078,0.07079,0,0,
638140284472925770,0.070788,0.070789,0.07068743,0.07088967,0.07078,0.0708,0,0,
638140284473912289,0.070788,0.070789,0.07068743,0.07088967,0.07078,0.07079,0,0,
638140284489914743,0.070788,0.070789,0.07068743,0.07088967,0.07078,0.0708,0,0,
638140284490798617,0.070788,0.070789,0.07068743,0.07088967,0.07079,0.0708,0,0,
638140284491883752,0.070788,0.070789,0.07068743,0.07088967,0.07078,0.0708,0,0,
638140284499945428,0.070788,0.070789,0.07068743,0.07088967,0.07078,0.07079,0,0,
638140284504857045,0.070787,0.070789,0.07068743,0.07088967,0.07078,0.07079,0,0,
638140284504858696,0.070787,0.070788,0.07068743,0.07088967,0.07078,0.07079,0,0,
638140284506746136,0.070786,0.070788,0.07068743,0.07088967,0.07078,0.07079,0,0,
638140284506747976,0.070786,0.070787,0.07068743,0.07088967,0.07078,0.07079,0,0,
638140284517810321,0.070786,0.070787,0.07068743,0.07088967,0.07078,0.0708,0,0,
638140284518759303,0.070786,0.070787,0.07068743,0.07088967,0.07079,0.0708,0,0,
638140284519908732,0.070786,0.070787,0.07068743,0.07088967,0.07078,0.0708,0,0,
638140284520809558,0.070786,0.070787,0.07068743,0.07088967,0.07079,0.0708,0,0,
638140284526749438,0.070786,0.070787,0.07068743,0.07088967,0.07078,0.0708,0,0,
638140284527867215,0.070786,0.070787,0.07068743,0.07088967,0.07079,0.0708,0,0,
638140284531770514,0.070786,0.070787,0.07068743,0.07088967,0.07078,0.0708,0,0,
638140284533978408,0.070786,0.070787,0.07068743,0.07088967,0.07079,0.0708,0,0,
638140284534756380,0.070786,0.070787,0.07068743,0.07088967,0.07078,0.0708,0,0,
638140284535913208,0.070786,0.070787,0.07068743,0.07088967,0.07079,0.0708,0,0,
638140284544842455,0.070786,0.070787,0.07068743,0.07088967,0.07078,0.0708,0,0,
638140284544845604,0.070786,0.070787,0.07068743,0.07088967,0.07078,0.07079,0,0,
638140284548899139,0.070786,0.070787,0.07068743,0.07088967,0.07078,0.0708,0,0,
638140284549817356,0.070786,0.070787,0.07068743,0.07088967,0.07079,0.0708,0,0,
638140284597763127,0.070786,0.070788,0.07068743,0.07088967,0.07079,0.0708,0,0,
638140284597768679,0.070787,0.070788,0.07068743,0.07088967,0.07079,0.0708,0,0,
638140284598873903,0.070787,0.070789,0.07068743,0.07088967,0.07079,0.0708,0,0,
638140284598878996,0.070788,0.070789,0.07068743,0.07088967,0.07079,0.0708,0,0,
638140284598880031,0.070788,0.070789,0.07068743,0.07088967,0.07079,0.0708,0,0,
638140284600929870,0.070789,0.07079,0.07068743,0.07088967,0.07079,0.0708,0,0,
638140284600931037,0.070789,0.07079,0.07068743,0.07088967,0.07079,0.0708,0,0,
638140284676784658,0.07079,0.07079,0.07068743,0.07088967,0.07079,0.0708,0,0,
638140284676786350,0.070791,0.07079,0.07068743,0.07088967,0.07079,0.0708,0,0,
638140284676788295,0.070791,0.070792,0.07068743,0.07088967,0.07079,0.0708,0,0,
638140284715859931,0.070792,0.070792,0.07068743,0.07088967,0.07079,0.0708,0,0,
638140284715860895,0.070792,0.070793,0.07068743,0.07088967,0.07079,0.0708,0,0,
638140284726044834,0.070798,0.070793,0.07068743,0.07088967,0.07079,0.0708,0,0,
638140284726050541,0.070798,0.070799,0.07068743,0.07088967,0.07079,0.0708,0,0,
638140284726650934,0.070798,0.070799,0.07068743,0.07088967,0.07079,0.07081,0,0,
638140284726836088,0.070798,0.070799,0.07068743,0.07088967,0.0708,0.07081,0,0,
638140284728976608,0.070799,0.070799,0.07068743,0.07088967,0.0708,0.07081,0,0,
638140284728980337,0.070799,0.0708,0.07068743,0.07088967,0.0708,0.07081,0,0,
638140284731962736,0.070802,0.0708,0.07068743,0.07088967,0.0708,0.07081,0,0,
638140284731964842,0.070802,0.070803,0.07068743,0.07088967,0.0708,0.07081,0,0,
638140284732864396,0.070806,0.070803,0.07068743,0.07088967,0.0708,0.07081,0,0,
638140284732864875,0.070806,0.070803,0.07068743,0.07088967,0.0708,0.07081,0,0,
638140284732865692,0.070806,0.070807,0.07068743,0.07088967,0.0708,0.07081,0,0,
638140284753913353,0.070807,0.070808,0.07068743,0.07088967,0.0708,0.07081,0,0,
638140284753913813,0.070807,0.070808,0.07068743,0.07088967,0.0708,0.07081,0,0,
638140284790975637,0.070808,0.070808,0.07068743,0.07088967,0.0708,0.07081,0,0,
638140284790977901,0.070808,0.070809,0.07068743,0.07088967,0.0708,0.07081,0,0,
638140284811854808,0.070809,0.07081,0.07068743,0.07088967,0.0708,0.07081,0,0,
638140284811855876,0.070809,0.07081,0.07068743,0.07088967,0.0708,0.07081,0,0,
638140284812832642,0.07081,0.07081,0.07068743,0.07088967,0.0708,0.07081,0,0,
638140284812833510,0.07081,0.070811,0.07068743,0.07088967,0.0708,0.07081,0,0,
638140284813931101,0.070811,0.070812,0.07068743,0.07088967,0.0708,0.07081,0,0,
638140284813931695,0.070811,0.070812,0.07068743,0.07088967,0.0708,0.07081,0,0,
638140284824033247,0.070814,0.070812,0.07068743,0.07088967,0.0708,0.07081,0,0,
638140284824033798,0.070814,0.070812,0.07068743,0.07088967,0.0708,0.07081,0,0,
638140284824042641,0.070814,0.070815,0.07068743,0.07088967,0.0708,0.07081,0,0,
638140284824981229,0.070815,0.070815,0.07068743,0.07088967,0.0708,0.07081,0,0,
638140284824984494,0.070815,0.070816,0.07068743,0.07088967,0.0708,0.07081,0,0,
638140284884938924,0.070816,0.070816,0.07068743,0.07088967,0.0708,0.07081,0,0,
638140284884939694,0.070816,0.070817,0.07068743,0.07088967,0.0708,0.07081,0,0,
638140284902901483,0.070818,0.070817,0.07068743,0.07088967,0.0708,0.07081,0,0,
638140284902903902,0.070818,0.070819,0.07068743,0.07088967,0.0708,0.07081,0,0,
638140284902904276,0.070818,0.070819,0.07068743,0.07088967,0.0708,0.07081,0,0,
638140284904048174,0.070819,0.07082,0.07068743,0.07088967,0.0708,0.07081,0,0,
638140284904050593,0.070819,0.07082,0.07068743,0.07088967,0.0708,0.07081,0,0,
638140285021882594,0.070819,0.07082,0.07068743,0.07088967,0.07081,0.07081,0,0,
638140285021889592,0.070819,0.07082,0.07068743,0.07088967,0.07081,0.07082,0,0,
638140285176171851,0.070818,0.070819,0.07068743,0.07088967,0.07081,0.07082,0,0,
638140285176172722,0.070818,0.070819,0.07068743,0.07088967,0.07081,0.07082,0,0,
638140285178822870,0.070818,0.070819,0.07068743,0.07088967,0.0708,0.07082,0,0,
638140285178823664,0.070818,0.070819,0.07068743,0.07088967,0.0708,0.07081,0,0,
638140285252844695,0.070818,0.070819,0.07068743,0.07088967,0.0708,0.07082,0,0,
638140285253945806,0.070818,0.070819,0.07068743,0.07088967,0.07081,0.07082,0,0,
638140285351425016,0.070819,0.070819,0.07068743,0.07088967,0.07081,0.07082,0,0,
638140285351436028,0.070819,0.07082,0.07068743,0.07088967,0.07081,0.07082,0,0,
638140285351439198,0.070819,0.070819,0.07068743,0.07088967,0.07081,0.07082,0,0,
638140285354095200,0.070822,0.070819,0.07068743,0.07088967,0.07081,0.07082,0,0,
638140285461165643,0.070822,0.070819,0.07068743,0.07088967,0.07079,0.07082,0,0,
638140285461168814,0.070822,0.070819,0.07068743,0.07088967,0.07079,0.0708,0,0,
638140285461726023,0.070822,0.070819,0.07068743,0.07088967,0.07079,0.07081,0,0,
638140285462068954,0.070822,0.070819,0.07068743,0.07088967,0.07079,0.0708,0,0,
638140285470481593,0.070822,0.070819,0.07068743,0.07088967,0.07075,0.0708,0,0,
638140285470483878,0.070822,0.070819,0.07068743,0.07088967,0.07075,0.07076,0,0,
638140285470484263,0.070822,0.070819,0.07068743,0.07088967,0.07075,0.07076,0,0,
638140285471096892,0.070822,0.070819,0.07068743,0.07088967,0.07077,0.07076,0,0,
638140285471098420,0.070822,0.070819,0.07068743,0.07088967,0.07077,0.07079,0,0,
638140285471905338,0.070822,0.070819,0.07068743,0.07088967,0.07078,0.07079,0,0,
638140285472827643,0.070822,0.070819,0.07068743,0.07088967,0.07077,0.07079,0,0,
638140285473766075,0.070822,0.070819,0.07068743,0.07088967,0.07078,0.07079,0,0,
638140285484876697,0.070822,0.070819,0.07068743,0.07088967,0.07077,0.07079,0,0,
638140285484879993,0.070822,0.070819,0.07068743,0.07088967,0.07077,0.07078,0,0,
638140285563932978,0.070822,0.070819,0.07068743,0.07088967,0.07076,0.07078,0,0,
638140285563936406,0.070822,0.070819,0.07068743,0.07088967,0.07076,0.07077,0,0,
638140285565782250,0.070822,0.070819,0.07068743,0.07088967,0.07076,0.07078,0,0,
638140285566897648,0.070822,0.070819,0.07068743,0.07088967,0.07076,0.07077,0,0,
638140285570823148,0.070822,0.070819,0.07068743,0.07088967,0.07076,0.07078,0,0,
638140285576791847,0.070822,0.070819,0.07068743,0.07088967,0.07076,0.07077,0,0,
638140285583737986,0.070822,0.070819,0.07068743,0.07088967,0.07076,0.07078,0,0,
638140285608771628,0.070822,0.070819,0.07068743,0.07088967,0.07077,0.07078,0,0,
638140285615920103,0.070822,0.070819,0.07068743,0.07088967,0.07076,0.07078,0,0,
638140285616840264,0.070822,0.070819,0.07068743,0.07088967,0.07077,0.07078,0,0,
638140285618931687,0.070822,0.070819,0.07068743,0.07088967,0.07076,0.07078,0,0,
638140285621931602,0.070822,0.070819,0.07068743,0.07088967,0.07077,0.07078,0,0,
638140285628836928,0.070822,0.070819,0.07068743,0.07088967,0.07076,0.07078,0,0,
638140285632758006,0.070822,0.070819,0.07068743,0.07088967,0.07077,0.07078,0,0,
638140285634802152,0.070822,0.070819,0.07068743,0.07088967,0.07076,0.07078,0,0,
638140285638893727,0.070822,0.070819,0.07068743,0.07088967,0.07076,0.07077,0,0,
638140285657750404,0.070822,0.070819,0.07068743,0.07088967,0.07076,0.07078,0,0,
638140285658840743,0.070822,0.070819,0.07068743,0.07088967,0.07077,0.07078,0,0,
638140285659785257,0.070822,0.070819,0.07068743,0.07088967,0.07076,0.07078,0,0,
638140285677884925,0.070822,0.070819,0.07068743,0.07088967,0.07077,0.07078,0,0,
638140285682889856,0.070822,0.070819,0.07068743,0.07088967,0.07076,0.07078,0,0,
638140285683837717,0.070822,0.070819,0.07068743,0.07088967,0.07077,0.07078,0,0,
638140285694915107,0.070822,0.070819,0.07068743,0.07088967,0.07076,0.07078,0,0,
638140285696864817,0.070822,0.070819,0.07068743,0.07088967,0.07076,0.07077,0,0,
638140286212990842,0.070822,0.070819,0.07068743,0.07088967,0.07076,0.07078,0,0,
638140286217810814,0.070822,0.070819,0.07068743,0.07088967,0.07077,0.07078,0,0,
638140286263928054,0.070822,0.070819,0.07068743,0.07088967,0.07076,0.07078,0,0,
638140286274017044,0.070822,0.070819,0.07068743,0.07088967,0.07077,0.07078,0,0,
638140286278943728,0.070822,0.070819,0.07068743,0.07088967,0.07076,0.07078,0,0,
638140286286828356,0.070822,0.070819,0.07068743,0.07088967,0.07077,0.07078,0,0,
638140286287923650,0.070822,0.070819,0.07068743,0.07088967,0.07076,0.07078,0,0,
638140286290881267,0.070822,0.070819,0.07068743,0.07088967,0.07077,0.07078,0,0,
638140286411987864,0.070822,0.070819,0.07068743,0.07088967,0.07077,0.07079,0,0,
638140286418933201,0.070822,0.070819,0.07068743,0.07088967,0.07078,0.07079,0,0,
638140286439915070,0.070822,0.070819,0.07068743,0.07088967,0.07077,0.07079,0,0,
638140286443971533,0.070822,0.070819,0.07068743,0.07088967,0.07078,0.07079,0,0,
638140286446929401,0.070822,0.070819,0.07068743,0.07088967,0.07077,0.07079,0,0,
638140286452878766,0.070822,0.070819,0.07068743,0.07088967,0.07078,0.07079,0,0,
638140286484802146,0.070822,0.070819,0.07068743,0.07088967,0.07077,0.07079,0,0,
638140286485913588,0.070822,0.070819,0.07068743,0.07088967,0.07078,0.07079,0,0,
638140286503951420,0.070822,0.070819,0.07068743,0.07088967,0.07077,0.07079,0,0,
638140286525858817,0.070822,0.070819,0.07068743,0.07088967,0.07078,0.07079,0,0,
638140286565872048,0.070822,0.070819,0.07068743,0.07088967,0.07077,0.07079,0,0,
638140286565873644,0.070822,0.070819,0.07068743,0.07088967,0.07077,0.07078,0,0,
638140286566820240,0.070822,0.070819,0.07068743,0.07088967,0.07077,0.07079,0,0,
638140286567923331,0.070822,0.070819,0.07068743,0.07088967,0.07078,0.07079,0,0,
638140286568847637,0.070822,0.070819,0.07068743,0.07088967,0.07077,0.07079,0,0,
638140286583839832,0.070822,0.070819,0.07068743,0.07088967,0.07078,0.07079,0,0,
638140286591833713,0.070822,0.070819,0.07068743,0.07088967,0.07077,0.07079,0,0,
638140286592944627,0.070822,0.070819,0.07068743,0.07088967,0.07078,0.07079,0,0,
638140286595939015,0.070822,0.070819,0.07068743,0.07088967,0.07077,0.07079,0,0,
638140286596868375,0.070822,0.070819,0.07068743,0.07088967,0.07078,0.07079,0,0,
638140287101822763,0.070822,0.070819,0.07068743,0.07088967,0.07079,0.0708,0,0,
638140287101823336,0.070822,0.070819,0.07068743,0.07088967,0.07079,0.0708,0,0,
638140287112864437,0.070822,0.070819,0.07068743,0.07088967,0.0708,0.0708,0,0,
638140287112866290,0.070822,0.070819,0.07068743,0.07088967,0.0708,0.07081,0,0,
638140287271918957,0.070822,0.070819,0.07068743,0.07088967,0.0708,0.07082,0,0,
638140287273048025,0.070822,0.070819,0.07068743,0.07088967,0.07081,0.07082,0,0,
638140287347965033,0.070822,0.070819,0.07068743,0.07088967,0.07082,0.07082,0,0,
638140287347965865,0.070822,0.070819,0.07068743,0.07088967,0.07082,0.07083,0,0,
638140287395822397,0.070822,0.070819,0.07068743,0.07088967,0.07082,0.07084,0,0,
638140287395828109,0.070822,0.070819,0.07068743,0.07088967,0.07083,0.07084,0,0,
638140287821945800,0.070822,0.070819,0.07068743,0.07088967,0.07082,0.07083,0,0,
638140287821947390,0.070822,0.070819,0.07068743,0.07088967,0.07082,0.07083,0,0,
638140288160039046,0.070822,0.070819,0.07068743,0.07088967,0.07081,0.07083,0,0,
638140288160041054,0.070822,0.070819,0.07068743,0.07088967,0.07081,0.07082,0,0,
638140288160962285,0.070822,0.070819,0.07068743,0.07088967,0.0708,0.07082,0,0,
638140288160964026,0.070822,0.070819,0.07068743,0.07088967,0.0708,0.07081,0,0,
638140288162034992,0.070822,0.070819,0.07068743,0.07088967,0.07079,0.0708,0,0,
638140288162035696,0.070822,0.070819,0.07068743,0.07088967,0.07079,0.0708,0,0,
638140288162036376,0.070822,0.070819,0.07068743,0.07088967,0.07078,0.0708,0,0,
638140288162037432,0.070822,0.070819,0.07068743,0.07088967,0.07078,0.07079,0,0,
638140288166087539,0.070822,0.070819,0.07068743,0.07088967,0.07077,0.07079,0,0,
638140288166088762,0.070822,0.070819,0.07068743,0.07088967,0.07077,0.07078,0,0,
638140288167931351,0.070822,0.070819,0.07068743,0.07088967,0.07077,0.07079,0,0,
638140288169058068,0.070822,0.070819,0.07068743,0.07088967,0.07078,0.07079,0,0,
638140288169971119,0.070822,0.070819,0.07068743,0.07088967,0.07077,0.07079,0,0,
638140288169972562,0.070822,0.070819,0.07068743,0.07088967,0.07077,0.07078,0,0,
638140288171054517,0.070822,0.070819,0.07068743,0.07088967,0.07077,0.07079,0,0,
638140288171967627,0.070822,0.070819,0.07068743,0.07088967,0.07078,0.07079,0,0,
638140288173067298,0.070822,0.070819,0.07068743,0.07088967,0.07077,0.07079,0,0,
638140288174002170,0.070822,0.070819,0.07068743,0.07088967,0.07078,0.07079,0,0,
638140288174976226,0.070822,0.070819,0.07068743,0.07088967,0.07077,0.07079,0,0,
638140288174994303,0.070822,0.070819,0.07068743,0.07088967,0.07077,0.07078,0,0,
638140288181062518,0.070822,0.070819,0.07068743,0.07088967,0.07075,0.07078,0,0,
638140288181065455,0.070822,0.070819,0.07068743,0.07088967,0.07075,0.07078,0,0,
638140288181066449,0.070822,0.070819,0.07068743,0.07088967,0.07075,0.07076,0,0,
638140288181066847,0.070822,0.070819,0.07068743,0.07088967,0.07075,0.07076,0,0,
638140288183084046,0.070822,0.070819,0.07068743,0.07088967,0.07075,0.07077,0,0,
638140288184040625,0.070822,0.070819,0.07068743,0.07088967,0.07075,0.07076,0,0,
638140288194552697,0.070822,0.070819,0.07066324,0.07088967,0.07075,0.07076,0,0,
638140288195052570,0.070822,0.070819,0.07066324,0.07088967,0.07074,0.07076,0,0,
638140288195057245,0.070822,0.070819,0.07066324,0.07088967,0.07074,0.07075,0,0,
638140288195354348,0.070822,0.070819,0.07066324,0.07084059,0.07074,0.07075,0,0,
638140288197546590,0.070822,0.070819,0.07064375,0.07084059,0.07074,0.07075,0,0,
638140288198925687,0.070822,0.070819,0.0705855,0.07084059,0.07074,0.07075,0,0,
638140288200652116,0.070822,0.070819,0.0705855,0.07084059,0.07072,0.07075,0,0,
638140288200666309,0.070822,0.070819,0.0705855,0.07084059,0.07072,0.07073,0,0,
638140288200666676,0.070822,0.070819,0.0705855,0.07084059,0.07072,0.07073,0,0,
638140288200667052,0.070822,0.070819,0.0705855,0.07084059,0.07072,0.07073,0,0,
638140288201593355,0.070822,0.070819,0.0705855,0.0707848,0.07072,0.07073,0,0,
638140288202073557,0.070822,0.070819,0.07054981,0.0707848,0.07072,0.07073,0,0,
638140288204559530,0.070822,0.070819,0.07054981,0.0707848,0.07069,0.07073,0,0,
638140288204565239,0.070822,0.070819,0.07054981,0.0707848,0.07069,0.07072,0,0,
638140288207814972,0.070822,0.070819,0.07054981,0.07072744,0.07069,0.07072,0,0,
638140288208913174,0.070822,0.070819,0.07054981,0.07072744,0.07067,0.07072,0,0,
638140288208913894,0.070822,0.070819,0.07054981,0.07072744,0.07067,0.07072,0,0,
638140288208919079,0.070822,0.070819,0.07054981,0.07072744,0.07067,0.07068,0,0,
638140288208919443,0.070822,0.070819,0.07054981,0.07072744,0.07067,0.07068,0,0,
638140288208919819,0.070822,0.070819,0.07054981,0.07072744,0.07067,0.07068,0,0,
638140288209255662,0.070822,0.070819,0.0704977,0.07072744,0.07067,0.07068,0,0,
638140288209376366,0.070822,0.070819,0.0704977,0.07072744,0.07066,0.07068,0,0,
638140288212178453,0.070822,0.070819,0.0704977,0.07067791,0.07066,0.07068,0,0,
638140288212783452,0.070822,0.070819,0.0704977,0.07067791,0.07066,0.07067,0,0,
638140288214354542,0.070822,0.070819,0.0704977,0.07067791,0.07066,0.07069,0,0,
638140288214395625,0.070822,0.070819,0.0704977,0.07067791,0.07067,0.07069,0,0,
638140288215914324,0.070822,0.070819,0.0704977,0.07067791,0.07064,0.07069,0,0,
638140288215917218,0.070822,0.070819,0.0704977,0.07067791,0.07064,0.07066,0,0,
638140288215917581,0.070822,0.070819,0.0704977,0.07067791,0.07064,0.07066,0,0,
638140288216373983,0.070822,0.070819,0.0704977,0.07062883,0.07064,0.07066,0,0,
638140288216374584,0.070822,0.070819,0.0704977,0.07062883,0.07064,0.07066,0,0,
638140288216565719,0.070822,0.070819,0.07047482,0.07062883,0.07064,0.07066,0,0,
638140288217640914,0.070822,0.070819,0.07044475,0.07062883,0.07064,0.07066,0,0,
638140288219511425,0.070822,0.070819,0.07044475,0.07062883,0.07063,0.07066,0,0,
638140288219532616,0.070822,0.070819,0.07044475,0.07062883,0.07063,0.07064,0,0,
638140288219533000,0.070822,0.070819,0.07044475,0.07062883,0.07063,0.07064,0,0,
638140288221364790,0.070822,0.070819,0.07040782,0.07062883,0.07063,0.07064,0,0,
638140288222443948,0.070822,0.070819,0.07040782,0.07060639,0.07063,0.07064,0,0,
638140288222593995,0.070822,0.070819,0.07040782,0.07057924,0.07063,0.07064,0,0,
638140288226805874,0.070822,0.070819,0.07040782,0.07063331,0.07063,0.07064,0,0,
638140288231511773,0.070822,0.070819,0.07040782,0.07063331,0.07055,0.07064,0,0,
638140288231520852,0.070822,0.070819,0.07040782,0.07063331,0.07055,0.07056,0,0,
638140288235719458,0.070822,0.070819,0.07040782,0.07063331,0.07057,0.07056,0,0,
638140288235732111,0.070822,0.070819,0.07040782,0.07063331,0.07057,0.0706,0,0,
638140288235732478,0.070822,0.070819,0.07040782,0.07063331,0.07057,0.0706,0,0,
638140288236029290,0.070822,0.070819,0.07040782,0.07063331,0.07056,0.0706,0,0,
638140288236643612,0.070822,0.070819,0.07040782,0.07063331,0.07054,0.0706,0,0,
638140288236644434,0.070822,0.070819,0.07040782,0.07063331,0.07057,0.0706,0,0,
638140288236647818,0.070822,0.070819,0.07040782,0.07063331,0.07058,0.0706,0,0,
638140288236650402,0.070822,0.070819,0.07040782,0.07063331,0.07058,0.07059,0,0,
638140288237588710,0.070822,0.070819,0.07040782,0.07063331,0.07058,0.07058,0,0,
638140288237599077,0.070822,0.070819,0.07040782,0.07063331,0.07055,0.07058,0,0,
638140288238358216,0.070822,0.070819,0.07040782,0.07063331,0.07057,0.07058,0,0,
638140288238358888,0.070822,0.070819,0.07040782,0.07063331,0.07057,0.07058,0,0,
638140288238362706,0.070822,0.070819,0.07040782,0.07063331,0.07057,0.07059,0,0,
638140288243006110,0.070822,0.070819,0.07040782,0.07068223,0.07057,0.07059,0,0,
638140288243007973,0.070822,0.070819,0.07040782,0.07072444,0.07057,0.07059,0,0,
638140288244907443,0.070822,0.070819,0.07040782,0.07072444,0.07051,0.07059,0,0,
638140288244918101,0.070822,0.070819,0.07040782,0.07072444,0.07051,0.07057,0,0,
638140288245371453,0.070822,0.070819,0.07040782,0.07072444,0.07052,0.07057,0,0,
638140288245378902,0.070822,0.070819,0.07040782,0.07072444,0.07052,0.07055,0,0,
638140288245379283,0.070822,0.070819,0.07040782,0.07072444,0.07052,0.07055,0,0,
638140288248712789,0.070822,0.070819,0.07044069,0.07072444,0.07052,0.07055,0,0,
638140288253141631,0.070822,0.070819,0.0704678,0.07072444,0.07052,0.07055,0,0,
638140288259870847,0.070822,0.070819,0.0704678,0.07072444,0.07052,0.07054,0,0,
638140288259881200,0.070822,0.070819,0.0704678,0.07072444,0.07043,0.07054,0,0,
638140288260758492,0.070822,0.070819,0.0704678,0.07072444,0.07047,0.07054,0,0,
638140288260759488,0.070822,0.070819,0.0704678,0.07072444,0.07047,0.07054,0,0,
638140288260759995,0.070822,0.070819,0.0704678,0.07072444,0.07047,0.07054,0,0,
638140288260762738,0.070822,0.070819,0.0704678,0.07072444,0.07047,0.07052,0,0,
638140288260763043,0.070822,0.070819,0.0704678,0.07072444,0.07047,0.07051,0,0,
638140288260763365,0.070822,0.070819,0.0704678,0.07072444,0.07047,0.07051,0,0,
638140288261389223,0.070822,0.070819,0.0704678,0.07072444,0.07048,0.07051,0,0,
638140288261390450,0.070822,0.070819,0.0704678,0.07072444,0.07048,0.07051,0,0,
638140288261391349,0.070822,0.070819,0.0704678,0.07072444,0.07048,0.07049,0,0,
638140288261391737,0.070822,0.070819,0.0704678,0.07072444,0.07048,0.07049,0,0,
638140288262310465,0.070822,0.070819,0.07052066,0.07072444,0.07048,0.07049,0,0,
638140288267792013,0.070822,0.070819,0.07052066,0.07072444,0.07043,0.0705,0,0,
638140288267796349,0.070822,0.070819,0.07052066,0.07072444,0.07043,0.07051,0,0,
638140288267796718,0.070822,0.070819,0.07052066,0.07072444,0.07043,0.07051,0,0,
638140288267930055,0.070822,0.070819,0.07052066,0.07072444,0.07045,0.07051,0,0,
638140288267930652,0.070822,0.070819,0.07052066,0.07072444,0.07045,0.07051,0,0,
638140288267934679,0.070822,0.070819,0.07052066,0.07072444,0.07045,0.0705,0,0,
638140288268208663,0.070822,0.070819,0.07052066,0.07072444,0.07046,0.0705,0,0,
638140288268213519,0.070822,0.070819,0.07052066,0.07072444,0.07046,0.07049,0,0,
638140288268565519,0.070822,0.070819,0.07052066,0.07072444,0.07041,0.07045,0,0,
638140288268568518,0.070822,0.070819,0.07052066,0.07072444,0.07041,0.07044,0,0,
638140288268568900,0.070822,0.070819,0.07052066,0.07072444,0.07041,0.07044,0,0,
638140288268569274,0.070822,0.070819,0.07052066,0.07072444,0.07041,0.07044,0,0,
638140288268569557,0.070822,0.070819,0.07052066,0.07072444,0.07041,0.07044,0,0,
638140288268854621,0.070822,0.070819,0.07052066,0.07072444,0.07042,0.07044,0,0,
638140288269938865,0.070822,0.070819,0.07052066,0.07072444,0.07043,0.07044,0,0,
638140288272441357,0.070822,0.070819,0.07052066,0.07072444,0.07043,0.07045,0,0,
638140288272747730,0.070822,0.070819,0.07052066,0.07072444,0.07044,0.07045,0,0,
638140288272750696,0.070822,0.070819,0.07052066,0.07072444,0.07044,0.07046,0,0,
638140288273688367,0.070822,0.070819,0.07052066,0.07072444,0.07048,0.07046,0,0,
638140288273689180,0.070822,0.070819,0.07052066,0.07072444,0.07048,0.07046,0,0,
638140288273689622,0.070822,0.070819,0.07052066,0.07072444,0.07048,0.07046,0,0,
638140288273693072,0.070822,0.070819,0.07052066,0.07072444,0.07048,0.0705,0,0,
638140288273999220,0.070822,0.070819,0.07052066,0.07072444,0.07044,0.0705,0,0,
638140288273999833,0.070822,0.070819,0.07052066,0.07072444,0.07044,0.0705,0,0,
638140288274298395,0.070822,0.070819,0.07052066,0.07072444,0.07046,0.0705,0,0,
638140288274298959,0.070822,0.070819,0.07052066,0.07072444,0.07046,0.0705,0,0,
638140288274301763,0.070822,0.070819,0.07052066,0.07072444,0.07046,0.07048,0,0,
638140288274302296,0.070822,0.070819,0.07052066,0.07072444,0.07046,0.07048,0,0,
638140288274473422,0.070822,0.070819,0.07052066,0.07072444,0.07047,0.07048,0,0,
638140288274474311,0.070822,0.070819,0.07052066,0.07072444,0.07047,0.07049,0,0,
638140288274878525,0.070822,0.070819,0.07052066,0.07072444,0.07045,0.07049,0,0,
638140288275851136,0.070822,0.070819,0.07052066,0.07072444,0.07046,0.07049,0,0,
638140288275854691,0.070822,0.070819,0.07052066,0.07072444,0.07046,0.0705,0,0,
638140288277002626,0.070822,0.070819,0.07052066,0.07072444,0.07046,0.07047,0,0,
638140288277739292,0.070822,0.070819,0.07052066,0.07072444,0.07045,0.07047,0,0,
638140288278507739,0.070822,0.070819,0.07052066,0.07072444,0.07045,0.07048,0,0,
638140288279139792,0.070822,0.070819,0.07052066,0.07072444,0.07046,0.07048,0,0,
638140288279143702,0.070822,0.070819,0.07052066,0.07072444,0.07046,0.07047,0,0,
638140288279447383,0.070822,0.070819,0.07052066,0.0708038,0.07046,0.07048,0,0,
638140288279448587,0.070822,0.070819,0.07052066,0.0708038,0.07046,0.07048,0,0,
638140288281000326,0.070822,0.070819,0.07052066,0.0708038,0.07049,0.07048,0,0,
638140288281010703,0.070822,0.070819,0.07052066,0.0708038,0.07049,0.07052,0,0,
638140288282270328,0.070822,0.070819,0.07052066,0.0708038,0.07051,0.07053,0,0,
638140288282273719,0.070822,0.070819,0.07052066,0.0708038,0.07051,0.07053,0,0,
638140288282404062,0.070822,0.070819,0.07057059,0.0708038,0.07051,0.07053,0,0,
638140288283028887,0.070822,0.070819,0.07057059,0.0708038,0.07046,0.07052,0,0,
638140288283029543,0.070822,0.070819,0.07057059,0.0708038,0.07046,0.07052,0,0,
638140288283338817,0.070822,0.070819,0.07057059,0.0708038,0.07051,0.07052,0,0,
638140288283341256,0.070822,0.070819,0.07057059,0.0708038,0.07051,0.07053,0,0,
638140288283341617,0.070822,0.070819,0.07057059,0.0708038,0.07051,0.07053,0,0,
638140288283361328,0.070822,0.070819,0.07057059,0.0708038,0.07051,0.07054,0,0,
638140288283960050,0.070822,0.070819,0.07057059,0.0708038,0.07052,0.07056,0,0,
638140288283960941,0.070822,0.070819,0.07057059,0.0708038,0.07052,0.07056,0,0,
638140288283961330,0.070822,0.070819,0.07057059,0.0708038,0.07052,0.07056,0,0,
638140288284430706,0.070822,0.070819,0.07057059,0.0708038,0.07054,0.07057,0,0,
638140288284434119,0.070822,0.070819,0.07057059,0.0708038,0.07054,0.07057,0,0,
638140288284434497,0.070822,0.070819,0.07057059,0.0708038,0.07054,0.07057,0,0,
638140288285368724,0.070822,0.070819,0.07057059,0.0708038,0.07056,0.07057,0,0,
638140288285529828,0.070822,0.070819,0.07057059,0.0708038,0.07057,0.07057,0,0,
638140288285533955,0.070822,0.070819,0.07057059,0.0708038,0.07057,0.07058,0,0,
638140288286462932,0.070822,0.070819,0.07057059,0.0708038,0.07059,0.07058,0,0,
638140288286468752,0.070822,0.070819,0.07057059,0.0708038,0.07059,0.0706,0,0,
638140288287872155,0.070822,0.070819,0.07057059,0.0708038,0.07059,0.07061,0,0,
638140288287881074,0.070822,0.070819,0.07057059,0.0708038,0.0706,0.07061,0,0,
638140288290040581,0.070822,0.070819,0.07057059,0.0708038,0.07061,0.07062,0,0,
638140288290041507,0.070822,0.070819,0.07057059,0.0708038,0.07061,0.07062,0,0,
638140288290820581,0.070822,0.070819,0.07057059,0.0708038,0.0706,0.07062,0,0,
638140288290822336,0.070822,0.070819,0.07057059,0.0708038,0.0706,0.07061,0,0,
638140288292858267,0.070822,0.070819,0.07057059,0.0708038,0.07062,0.07061,0,0,
638140288292864233,0.070822,0.070819,0.07057059,0.0708038,0.07063,0.07061,0,0,
638140288292867085,0.070822,0.070819,0.07057059,0.0708038,0.07063,0.07063,0,0,
638140288292867452,0.070822,0.070819,0.07057059,0.0708038,0.07063,0.07064,0,0,
638140288293854750,0.070822,0.070819,0.07057059,0.0708038,0.07062,0.07064,0,0,
638140288295658366,0.070822,0.070819,0.07057059,0.0708038,0.07059,0.07063,0,0,
638140288295661719,0.070822,0.070819,0.07057059,0.0708038,0.07059,0.07063,0,0,
638140288295662104,0.070822,0.070819,0.07057059,0.0708038,0.07059,0.07063,0,0,
638140288295930607,0.070822,0.070819,0.07057059,0.0708038,0.07059,0.07061,0,0,
638140288295931158,0.070822,0.070819,0.07057059,0.0708038,0.07059,0.07061,0,0,
638140288296258245,0.070822,0.070819,0.07057059,0.0708038,0.07059,0.0706,0,0,
638140288296918561,0.070822,0.070819,0.07057059,0.0708038,0.0706,0.0706,0,0,
638140288296920674,0.070822,0.070819,0.07057059,0.0708038,0.0706,0.07061,0,0,
638140288297111110,0.070822,0.070819,0.07057059,0.0708038,0.0706,0.07062,0,0,
638140288297511514,0.070822,0.070819,0.07057059,0.0708038,0.0706,0.07061,0,0,
638140288298298919,0.070822,0.070819,0.07057059,0.0708038,0.0706,0.07063,0,0,
638140288298299474,0.070822,0.070819,0.07057059,0.0708038,0.0706,0.07063,0,0,
638140288298590138,0.070822,0.070819,0.07057059,0.0708038,0.07063,0.07063,0,0,
638140288298590675,0.070822,0.070819,0.07057059,0.0708038,0.07063,0.07063,0,0,
638140288298594204,0.070822,0.070819,0.07057059,0.0708038,0.07063,0.07064,0,0,
638140288302490137,0.070822,0.070819,0.07057059,0.0708038,0.07064,0.07065,0,0,
638140288302491087,0.070822,0.070819,0.07057059,0.0708038,0.07064,0.07065,0,0,
638140288302959214,0.070822,0.070819,0.07057059,0.0708038,0.07065,0.07066,0,0,
638140288302961470,0.070822,0.070819,0.07057059,0.0708038,0.07065,0.07066,0,0,
638140288304359144,0.070822,0.070819,0.07057059,0.0708038,0.07066,0.07066,0,0,
638140288304361991,0.070822,0.070819,0.07057059,0.0708038,0.07066,0.07067,0,0,
638140288305288634,0.070822,0.070819,0.07057059,0.0708038,0.07065,0.07067,0,0,
638140288305290325,0.070822,0.070819,0.07057059,0.0708038,0.07065,0.07066,0,0,
638140288305768470,0.070822,0.070819,0.07057059,0.07076349,0.07065,0.07066,0,0,
638140288320387988,0.070822,0.070819,0.07057059,0.07076349,0.07064,0.07066,0,0,
638140288320391001,0.070822,0.070819,0.07057059,0.07076349,0.07064,0.07065,0,0,
638140288321017141,0.070822,0.070819,0.07057059,0.07076349,0.07063,0.07065,0,0,
638140288321020125,0.070822,0.070819,0.07057059,0.07076349,0.07063,0.07064,0,0,
638140288327083856,0.070822,0.070819,0.07057059,0.07076349,0.07064,0.07065,0,0,
638140288327084352,0.070822,0.070819,0.07057059,0.07076349,0.07064,0.07065,0,0,
638140288328220166,0.070822,0.070819,0.07057059,0.07076349,0.07066,0.07065,0,0,
638140288328220562,0.070822,0.070819,0.07057059,0.07076349,0.07066,0.07065,0,0,
638140288328224813,0.070822,0.070819,0.07057059,0.07076349,0.07066,0.07067,0,0,
638140288337054254,0.070822,0.070819,0.07057059,0.07076349,0.07065,0.07067,0,0,
638140288337056632,0.070822,0.070819,0.07057059,0.07076349,0.07065,0.07066,0,0,
638140288349988821,0.070822,0.070819,0.07057059,0.07076349,0.07063,0.07066,0,0,
638140288350925492,0.070822,0.070819,0.07057059,0.07076349,0.07063,0.07065,0,0,
638140288352019434,0.070822,0.070819,0.07057059,0.07076349,0.07063,0.07064,0,0,
638140288353094011,0.070822,0.070819,0.07057059,0.07076349,0.07063,0.07065,0,0,
638140288354031956,0.070822,0.070819,0.07057059,0.07076349,0.07063,0.07064,0,0,
638140288364000356,0.070822,0.070819,0.07057059,0.07076349,0.07064,0.07064,0,0,
638140288364001987,0.070822,0.070819,0.07057059,0.07076349,0.07064,0.07065,0,0,
638140288368059900,0.070822,0.070819,0.07057059,0.07076349,0.07065,0.07065,0,0,
638140288368080524,0.070822,0.070819,0.07057059,0.07076349,0.07065,0.07066,0,0,
638140288381660291,0.070822,0.070686,0.07057059,0.07076349,0.07065,0.07066,0,0,
638140288381660764,0.070822,0.070686,0.07057059,0.07076349,0.07065,0.07066,0,0,
638140288383488114,0.070822,0.070687,0.07057059,0.07076349,0.07065,0.07066,0,0,
638140288383488789,0.070822,0.070656,0.07057059,0.07076349,0.07065,0.07066,0,0,
638140288383489215,0.070822,0.070656,0.07057059,0.07076349,0.07065,0.07066,0,0,
638140288383489633,0.070822,0.070656,0.07057059,0.07076349,0.07065,0.07066,0,0,
638140288384110398,0.070822,0.070656,0.07057059,0.07076349,0.07064,0.07065,0,0,
638140288384112316,0.070822,0.070656,0.07057059,0.07076349,0.07064,0.07065,0,0,
638140288384564123,0.070822,0.070661,0.07057059,0.07076349,0.07064,0.07065,0,0,
638140288385069323,0.070822,0.070661,0.07057059,0.07076349,0.07064,0.07066,0,0,
638140288386054020,0.070822,0.070661,0.07057059,0.07076349,0.07065,0.07066,0,0,
638140288390019071,0.070822,0.070661,0.07057059,0.07076349,0.07064,0.07065,0,0,
638140288390019517,0.070822,0.070661,0.07057059,0.07076349,0.07064,0.07065,0,0,
638140288391569286,0.070822,0.070653,0.07057059,0.07076349,0.07064,0.07065,0,0,
638140288391569899,0.070822,0.070653,0.07057059,0.07076349,0.07064,0.07065,0,0,
638140288391570270,0.070822,0.070653,0.07057059,0.07076349,0.07064,0.07065,0,0,
638140288397083336,0.070822,0.070653,0.07057059,0.07076349,0.07065,0.07065,0,0,
638140288397083879,0.070822,0.070653,0.07057059,0.07076349,0.07065,0.07066,0,0,
638140288397498541,0.070822,0.070659,0.07057059,0.07076349,0.07065,0.07066,0,0,
638140288398665322,0.070822,0.070661,0.07057059,0.07076349,0.07065,0.07066,0,0,
638140288398898868,0.070822,0.070661,0.07057059,0.07076349,0.07064,0.07066,0,0,
638140288398901583,0.070822,0.070661,0.07057059,0.07076349,0.07064,0.07065,0,0,
638140288399557120,0.070822,0.070655,0.07057059,0.07076349,0.07064,0.07065,0,0,
638140288402050703,0.070822,0.070655,0.07057059,0.07076349,0.07065,0.07065,0,0,
638140288402052461,0.070822,0.070655,0.07057059,0.07076349,0.07065,0.07066,0,0,
638140288402949445,0.070822,0.070655,0.07057059,0.07076349,0.07064,0.07066,0,0,
638140288402952322,0.070822,0.070655,0.07057059,0.07076349,0.07064,0.07065,0,0,
638140288406533607,0.070822,0.070661,0.07057059,0.07076349,0.07064,0.07065,0,0,
638140288407026720,0.070822,0.070661,0.07057059,0.07076349,0.07065,0.07065,0,0,
638140288407030534,0.070822,0.070661,0.07057059,0.07076349,0.07065,0.07066,0,0,
638140288409740661,0.070822,0.070664,0.07057059,0.07076349,0.07065,0.07066,0,0,
638140288415989153,0.070822,0.070664,0.07057059,0.07076349,0.07064,0.07065,0,0,
638140288415991048,0.070822,0.070664,0.07057059,0.07076349,0.07064,0.07065,0,0,
638140288416795258,0.070822,0.070663,0.07057059,0.07076349,0.07064,0.07065,0,0,
638140288416797166,0.070822,0.070661,0.07057059,0.07076349,0.07064,0.07065,0,0,
638140288416799463,0.070822,0.070659,0.07057059,0.07076349,0.07064,0.07065,0,0,
638140288416801118,0.070822,0.070656,0.07057059,0.07076349,0.07064,0.07065,0,0,
638140288416803471,0.070822,0.070652,0.07057059,0.07076349,0.07064,0.07065,0,0,
638140288416805588,0.070822,0.07065,0.07057059,0.07076349,0.07064,0.07065,0,0,
638140288416805912,0.070822,0.070643,0.07057059,0.07076349,0.07064,0.07065,0,0,
638140288416809527,0.070822,0.07064,0.07057059,0.07076349,0.07064,0.07065,0,0,
638140288416927435,0.070822,0.07064,0.07057059,0.07076349,0.07062,0.07065,0,0,
638140288416927996,0.070822,0.07064,0.07057059,0.07076349,0.07062,0.07065,0,0,
638140288416930346,0.070822,0.07064,0.07057059,0.07076349,0.07062,0.07063,0,0,
638140288416930694,0.070822,0.07064,0.07057059,0.07076349,0.07062,0.07063,0,0,
638140288418718993,0.070822,0.070639,0.07057059,0.07076349,0.07062,0.07063,0,0,
638140288418719338,0.070822,0.070635,0.07057059,0.07076349,0.07062,0.07063,0,0,
638140288418719719,0.070822,0.070635,0.07057059,0.07076349,0.07062,0.07063,0,0,
638140288418720187,0.070822,0.070635,0.07057059,0.07076349,0.07062,0.07063,0,0,
638140288418721306,0.070822,0.070633,0.07057059,0.07076349,0.07062,0.07063,0,0,
638140288418721742,0.070822,0.070631,0.07057059,0.07076349,0.07062,0.07063,0,0,
638140288418722093,0.070822,0.070631,0.07057059,0.07076349,0.07062,0.07063,0,0,
638140288419648710,0.070822,0.070628,0.07057059,0.07076349,0.07062,0.07063,0,0,
638140288420199775,0.070822,0.070628,0.07057059,0.07076349,0.07061,0.07063,0,0,
638140288420201699,0.070822,0.070628,0.07057059,0.07076349,0.07061,0.07062,0,0,
638140288420519635,0.070822,0.070627,0.07057059,0.07076349,0.07061,0.07062,0,0,
638140288421135622,0.070822,0.070627,0.07052394,0.07076349,0.07061,0.07062,0,0,
638140288421672997,0.070822,0.070631,0.07052394,0.07076349,0.07061,0.07062,0,0,
638140288421674265,0.070822,0.070625,0.07052394,0.07076349,0.07061,0.07062,0,0,
638140288421674624,0.070822,0.070625,0.07052394,0.07076349,0.07061,0.07062,0,0,
638140288422529703,0.070822,0.070624,0.07052394,0.07076349,0.07061,0.07062,0,0,
638140288428643883,0.070822,0.070621,0.07052394,0.07076349,0.07061,0.07062,0,0,
638140288430191808,0.070822,0.070621,0.07052394,0.07071743,0.07061,0.07062,0,0,
638140288432521683,0.070822,0.070627,0.07052394,0.07071743,0.07061,0.07062,0,0,
638140288435702857,0.070822,0.070634,0.07052394,0.07071743,0.07061,0.07062,0,0,
638140288436593333,0.070822,0.070635,0.07052394,0.07071743,0.07061,0.07062,0,0,
638140288441546159,0.070822,0.070648,0.07052394,0.07071743,0.07061,0.07062,0,0,
638140288444503099,0.070822,0.070642,0.07052394,0.07071743,0.07061,0.07062,0,0,
638140288444504194,0.070822,0.070642,0.07052394,0.07071743,0.07061,0.07062,0,0,
638140288444504743,0.070822,0.070638,0.07052394,0.07071743,0.07061,0.07062,0,0,
638140288444505261,0.070822,0.070638,0.07052394,0.07071743,0.07061,0.07062,0,0,
638140288448549978,0.070822,0.070647,0.07052394,0.07071743,0.07061,0.07062,0,0,
638140288449653889,0.070822,0.070648,0.07052394,0.07071743,0.07061,0.07062,0,0,
638140288453749867,0.070822,0.070662,0.07052394,0.07071743,0.07061,0.07062,0,0,
638140288457087078,0.070822,0.070662,0.07052394,0.07071743,0.07061,0.07063,0,0,
638140288457609487,0.070822,0.070648,0.07052394,0.07071743,0.07061,0.07063,0,0,
638140288457610214,0.070822,0.070648,0.07052394,0.07071743,0.07061,0.07063,0,0,
638140288458029675,0.070822,0.070648,0.07052394,0.07071743,0.07062,0.07063,0,0,
638140288458030332,0.070822,0.070648,0.07052394,0.07071743,0.07062,0.07064,0,0,
638140288458958811,0.070822,0.070648,0.07052394,0.07071743,0.07063,0.07064,0,0,
638140288466621428,0.070822,0.070646,0.07052394,0.07071743,0.07063,0.07064,0,0,
638140288468464015,0.070822,0.070635,0.07052394,0.07071743,0.07063,0.07064,0,0,
638140288470704980,0.070822,0.070634,0.07052394,0.07071743,0.07063,0.07064,0,0,
638140288470942747,0.070822,0.070634,0.07052394,0.07071743,0.07062,0.07064,0,0,
638140288470944566,0.070822,0.070634,0.07052394,0.07071743,0.07062,0.07063,0,0,
638140288471606349,0.070822,0.070618,0.07052394,0.07071743,0.07062,0.07063,0,0,
638140288471606769,0.070822,0.070618,0.07052394,0.07071743,0.07062,0.07063,0,0,
638140288472640331,0.070822,0.070626,0.07052394,0.07071743,0.07062,0.07063,0,0,
638140288478632142,0.070822,0.070633,0.07052394,0.07071743,0.07062,0.07063,0,0,
638140288479724399,0.070822,0.070637,0.07052394,0.07071743,0.07062,0.07063,0,0,
638140288479724896,0.070822,0.070637,0.07052394,0.07071743,0.07062,0.07063,0,0,
638140288484017038,0.070822,0.070637,0.07052394,0.07071743,0.07062,0.07064,0,0,
638140288484017461,0.070822,0.070637,0.07052394,0.07071743,0.07063,0.07064,0,0,
638140288485568208,0.070822,0.07064,0.07052394,0.07071743,0.07063,0.07064,0,0,
638140288485568791,0.070822,0.07064,0.07052394,0.07071743,0.07063,0.07064,0,0,
638140288494603302,0.070822,0.070641,0.07052394,0.07071743,0.07063,0.07064,0,0,
638140288502708663,0.070822,0.070643,0.07052394,0.07071743,0.07063,0.07064,0,0,
638140288503638433,0.070822,0.070644,0.07052394,0.07071743,0.07063,0.07064,0,0,
638140288503638792,0.070822,0.070655,0.07052394,0.07071743,0.07063,0.07064,0,0,
638140288508789746,0.070822,0.070642,0.07052394,0.07071743,0.07063,0.07064,0,0,
638140288508790421,0.070822,0.070642,0.07052394,0.07071743,0.07063,0.07064,0,0,
638140288510735227,0.070822,0.070661,0.07052394,0.07071743,0.07063,0.07064,0,0,
638140288511398853,0.070822,0.070661,0.07052394,0.07071743,0.07064,0.07066,0,0,
638140288511400840,0.070822,0.070661,0.07052394,0.07071743,0.07064,0.07066,0,0,
638140288512034115,0.070822,0.070661,0.07052394,0.07071743,0.07065,0.07066,0,0,
638140288516760703,0.070822,0.070662,0.07052394,0.07071743,0.07065,0.07066,0,0,
638140288517634001,0.070822,0.070667,0.07052394,0.07071743,0.07065,0.07066,0,0,
638140288517639280,0.070822,0.070667,0.07052394,0.07071743,0.07066,0.07066,0,0,
638140288517641240,0.070822,0.070667,0.07052394,0.07071743,0.07066,0.07068,0,0,
638140288518026320,0.070822,0.070667,0.07052394,0.07071743,0.07067,0.07068,0,0,
638140288518553507,0.070822,0.07067,0.07052394,0.07071743,0.07067,0.07068,0,0,
638140288518562200,0.070822,0.070671,0.07052394,0.07071743,0.07067,0.07068,0,0,
638140288518723246,0.070822,0.070671,0.07052394,0.07076623,0.07067,0.07068,0,0,
638140288519698963,0.070822,0.070671,0.07057359,0.07076623,0.07067,0.07068,0,0,
638140288521770520,0.070822,0.070675,0.07057359,0.07076623,0.07067,0.07068,0,0,
638140288535994943,0.070822,0.070675,0.07057359,0.07076623,0.07066,0.07068,0,0,
638140288536000228,0.070822,0.070675,0.07057359,0.07076623,0.07066,0.07067,0,0,
638140288536706225,0.070822,0.070663,0.07057359,0.07076623,0.07066,0.07067,0,0,
638140288538958923,0.070822,0.070663,0.07057359,0.07076623,0.07067,0.07067,0,0,
638140288538963255,0.070822,0.070663,0.07057359,0.07076623,0.07067,0.07068,0,0,
638140288540697819,0.070822,0.070675,0.07057359,0.07076623,0.07067,0.07068,0,0,
638140288541599569,0.070822,0.070671,0.07057359,0.07076623,0.07067,0.07068,0,0,
638140288544755750,0.070822,0.070681,0.07057359,0.07076623,0.07067,0.07068,0,0,
638140288544756334,0.070822,0.070681,0.07057359,0.07076623,0.07067,0.07068,0,0,
638140288544756702,0.070822,0.070681,0.07057359,0.07076623,0.07067,0.07068,0,0,
638140288548658500,0.070822,0.070683,0.07057359,0.07076623,0.07067,0.07068,0,0,
638140288549750866,0.070822,0.070684,0.07057359,0.07076623,0.07067,0.07068,0,0,
638140288550018616,0.070822,0.070684,0.07057359,0.07076623,0.07068,0.07068,0,0,
638140288550019396,0.070822,0.070684,0.07057359,0.07076623,0.07068,0.07069,0,0,
638140288550696900,0.070822,0.070685,0.07057359,0.07076623,0.07068,0.07069,0,0,
638140288550698364,0.070822,0.070689,0.07057359,0.07076623,0.07068,0.07069,0,0,
638140288555713626,0.070822,0.070699,0.07057359,0.07076623,0.07068,0.07069,0,0,
638140288555715152,0.070822,0.070703,0.07057359,0.07076623,0.07068,0.07069,0,0,
638140288555940851,0.070822,0.070703,0.07057359,0.07076623,0.07069,0.0707,0,0,
638140288555941596,0.070822,0.070703,0.07057359,0.07076623,0.07069,0.0707,0,0,
638140288556572471,0.070822,0.070706,0.07057359,0.07076623,0.07069,0.0707,0,0,
638140288560699199,0.070822,0.07072,0.07057359,0.07076623,0.07069,0.0707,0,0,
638140288561214444,0.070822,0.07072,0.07057359,0.07077243,0.07069,0.0707,0,0,
638140288561708074,0.070822,0.070734,0.07057359,0.07077243,0.07069,0.0707,0,0,
638140288561708595,0.070822,0.070734,0.07057359,0.07077243,0.07069,0.0707,0,0,
638140288561709088,0.070822,0.070715,0.07057359,0.07077243,0.07069,0.0707,0,0,
638140288562162861,0.070822,0.070715,0.07061753,0.07077243,0.07069,0.0707,0,0,
638140288563170570,0.070822,0.070715,0.07061753,0.07077243,0.07069,0.07071,0,0,
638140288563178501,0.070822,0.070715,0.07061753,0.07077243,0.0707,0.07071,0,0,
638140288563412749,0.070822,0.070715,0.07061753,0.07077243,0.07071,0.07071,0,0,
638140288563436287,0.070822,0.070715,0.07061753,0.07077243,0.07071,0.07072,0,0,
638140288563717138,0.070822,0.070714,0.07061753,0.07077243,0.07071,0.07072,0,0,
638140288564587993,0.070822,0.070715,0.07061753,0.07077243,0.07071,0.07072,0,0,
638140288564589286,0.070822,0.070712,0.07061753,0.07077243,0.07071,0.07072,0,0,
638140288564589765,0.070822,0.07071,0.07061753,0.07077243,0.07071,0.07072,0,0,
638140288564591636,0.070822,0.070709,0.07061753,0.07077243,0.07071,0.07072,0,0,
638140288565623975,0.070822,0.070711,0.07061753,0.07077243,0.07071,0.07072,0,0,
638140288566744943,0.070822,0.070733,0.07061753,0.07077243,0.07071,0.07072,0,0,
638140288567656917,0.070822,0.070712,0.07061753,0.07077243,0.07071,0.07072,0,0,
638140288569677261,0.070822,0.070713,0.07061753,0.07077243,0.07071,0.07072,0,0,
638140288592727876,0.070822,0.070714,0.07061753,0.07077243,0.07071,0.07072,0,0,
638140288597668705,0.070822,0.070715,0.07061753,0.07077243,0.07071,0.07072,0,0,
638140288613718550,0.070822,0.070733,0.07061753,0.07077243,0.07071,0.07072,0,0,
638140288613719090,0.070822,0.070733,0.07061753,0.07077243,0.07071,0.07072,0,0,
638140288619678624,0.070822,0.070734,0.07061753,0.07077243,0.07071,0.07072,0,0,
638140288619680978,0.070822,0.070728,0.07061753,0.07077243,0.07071,0.07072,0,0,
638140288621018388,0.070822,0.070728,0.07061753,0.07077243,0.07072,0.07072,0,0,
638140288621021020,0.070822,0.070728,0.07061753,0.07077243,0.07072,0.07073,0,0,
638140288621724938,0.070822,0.070734,0.07061753,0.07077243,0.07072,0.07073,0,0,
638140288622606420,0.070822,0.070733,0.07061753,0.07077243,0.07072,0.07073,0,0,
638140288622608179,0.070822,0.070729,0.07061753,0.07077243,0.07072,0.07073,0,0,
638140288628949050,0.070822,0.070729,0.07061753,0.07077243,0.07071,0.07073,0,0,
638140288628950092,0.070822,0.070729,0.07061753,0.07077243,0.07071,0.07072,0,0,
638140288629791958,0.070822,0.070728,0.07061753,0.07077243,0.07071,0.07072,0,0,
638140288635665257,0.070822,0.070724,0.07061753,0.07077243,0.07071,0.07072,0,0,
638140288635665783,0.070822,0.070724,0.07061753,0.07077243,0.07071,0.07072,0,0,
638140288639745681,0.070822,0.070722,0.07061753,0.07077243,0.07071,0.07072,0,0,
638140288639746217,0.070822,0.070722,0.07061753,0.07077243,0.07071,0.07072,0,0,
638140288644688498,0.070822,0.070719,0.07061753,0.07077243,0.07071,0.07072,0,0,
638140288644689019,0.070822,0.070718,0.07061753,0.07077243,0.07071,0.07072,0,0,
638140288644689466,0.070822,0.070718,0.07061753,0.07077243,0.07071,0.07072,0,0,
638140288646791600,0.070822,0.07071,0.07061753,0.07077243,0.07071,0.07072,0,0,
638140288646794650,0.070822,0.07071,0.07061753,0.07077243,0.07071,0.07072,0,0,
638140288646795010,0.070822,0.07071,0.07061753,0.07077243,0.07071,0.07072,0,0,
638140288651978072,0.070822,0.07071,0.07061753,0.07077243,0.07071,0.07071,0,0,
638140288651978551,0.070822,0.07071,0.07061753,0.07077243,0.07069,0.0707,0,0,
638140288651979294,0.070822,0.07071,0.07061753,0.07077243,0.07069,0.0707,0,0,
638140288652622629,0.070822,0.070709,0.07061753,0.07077243,0.07069,0.0707,0,0,
638140288663730971,0.070822,0.070708,0.07061753,0.07077243,0.07069,0.0707,0,0,
638140288664596817,0.070822,0.070707,0.07061753,0.07077243,0.07069,0.0707,0,0,
638140288665766029,0.070822,0.070706,0.07061753,0.07077243,0.07069,0.0707,0,0,
638140288665766456,0.070822,0.070688,0.07061753,0.07077243,0.07069,0.0707,0,0,
638140288665769707,0.070822,0.070688,0.07061753,0.07077243,0.07069,0.0707,0,0,
638140288665997331,0.070822,0.070688,0.07061753,0.07077243,0.07068,0.0707,0,0,
638140288665999652,0.070822,0.070688,0.07061753,0.07077243,0.07068,0.07069,0,0,
638140288666623918,0.070822,0.070687,0.07061753,0.07077243,0.07068,0.07069,0,0,
638140288666624493,0.070822,0.070687,0.07061753,0.07077243,0.07068,0.07069,0,0,
638140288666624947,0.070822,0.070684,0.07061753,0.07077243,0.07068,0.07069,0,0,
638140288680658591,0.070822,0.070681,0.07061753,0.07077243,0.07068,0.07069,0,0,
638140288691716634,0.070822,0.070683,0.07061753,0.07077243,0.07068,0.07069,0,0,
638140288693765156,0.070822,0.070689,0.07061753,0.07077243,0.07068,0.07069,0,0,
638140288698746980,0.070822,0.07068,0.07061753,0.07077243,0.07068,0.07069,0,0,
638140288698748123,0.070822,0.07068,0.07061753,0.07077243,0.07068,0.07069,0,0,
638140288704606560,0.070822,0.070679,0.07061753,0.07077243,0.07068,0.07069,0,0,
638140288704634442,0.070822,0.070672,0.07061753,0.07077243,0.07068,0.07069,0,0,
638140288704635338,0.070822,0.070672,0.07061753,0.07077243,0.07068,0.07069,0,0,
638140288705637508,0.070822,0.070672,0.07061753,0.07076849,0.07068,0.07069,0,0,
638140288707580304,0.070822,0.070671,0.07061753,0.07076849,0.07068,0.07069,0,0,
638140288708516159,0.070822,0.070671,0.07059037,0.07076849,0.07068,0.07069,0,0,
638140288715959248,0.070822,0.070671,0.07059037,0.07076849,0.07067,0.07069,0,0,
638140288715960280,0.070822,0.070671,0.07059037,0.07076849,0.07067,0.07068,0,0,
638140288724787692,0.070822,0.070668,0.07059037,0.07076849,0.07067,0.07068,0,0,
638140288724788639,0.070822,0.070668,0.07059037,0.07076849,0.07067,0.07068,0,0,
638140288726252473,0.070822,0.070668,0.07059037,0.07076849,0.07066,0.07068,0,0,
638140288726254263,0.070822,0.070668,0.07059037,0.07076849,0.07066,0.07067,0,0,
638140288726650820,0.070822,0.070665,0.07059037,0.07076849,0.07066,0.07067,0,0,
638140288730700377,0.070822,0.070664,0.07059037,0.07076849,0.07066,0.07067,0,0,
638140288730701691,0.070822,0.070664,0.07059037,0.07076849,0.07066,0.07067,0,0,
638140288732655403,0.070822,0.070666,0.07059037,0.07076849,0.07066,0.07067,0,0,
638140288732656073,0.070822,0.070663,0.07059037,0.07076849,0.07066,0.07067,0,0,
638140288732657218,0.070822,0.070661,0.07059037,0.07076849,0.07066,0.07067,0,0,
638140288734565111,0.070822,0.07066,0.07059037,0.07076849,0.07066,0.07067,0,0,
638140288737658708,0.070822,0.070657,0.07059037,0.07076849,0.07066,0.07067,0,0,
638140288737962424,0.070822,0.070657,0.07059037,0.07076849,0.07065,0.07067,0,0,
638140288737964888,0.070822,0.070657,0.07059037,0.07076849,0.07065,0.07066,0,0,
638140288740797573,0.070822,0.070656,0.07059037,0.07076849,0.07065,0.07066,0,0,
638140288740797955,0.070822,0.070656,0.07059037,0.07076849,0.07065,0.07066,0,0,
638140288741724835,0.070822,0.070655,0.07059037,0.07076849,0.07065,0.07066,0,0,
638140288741726486,0.070822,0.070653,0.07059037,0.07076849,0.07065,0.07066,0,0,
638140288742982627,0.070822,0.070653,0.07057291,0.07076849,0.07065,0.07066,0,0,
638140288744672665,0.070822,0.070652,0.07057291,0.07076849,0.07065,0.07066,0,0,
638140288757567563,0.070822,0.070654,0.07057291,0.07076849,0.07065,0.07066,0,0,
638140288758907366,0.070822,0.070656,0.07057291,0.07076849,0.07065,0.07066,0,0,
638140288759638184,0.070822,0.070656,0.07057291,0.07076849,0.07064,0.07065,0,0,
638140288759639969,0.070822,0.070656,0.07057291,0.07076849,0.07064,0.07065,0,0,
638140288759809296,0.070822,0.070652,0.07057291,0.07076849,0.07064,0.07065,0,0,
638140288759809684,0.070822,0.070651,0.07057291,0.07076849,0.07064,0.07065,0,0,
638140288759810045,0.070822,0.070651,0.07057291,0.07076849,0.07064,0.07065,0,0,
638140288759810332,0.070822,0.070651,0.07057291,0.07076849,0.07064,0.07065,0,0,
638140288763638787,0.070822,0.070648,0.07057291,0.07076849,0.07064,0.07065,0,0,
638140288764664588,0.070822,0.070644,0.07057291,0.07076849,0.07064,0.07065,0,0,
638140288769635393,0.070822,0.070641,0.07057291,0.07076849,0.07064,0.07065,0,0,
638140288776728188,0.070822,0.070636,0.07057291,0.07076849,0.07064,0.07065,0,0,
638140288785893919,0.070822,0.070636,0.07057291,0.07076848,0.07064,0.07065,0,0,
638140288806776040,0.070822,0.070639,0.07057291,0.07076848,0.07064,0.07065,0,0,
638140288815676142,0.070822,0.070643,0.07057291,0.07076848,0.07064,0.07065,0,0,
638140288822765157,0.070822,0.070647,0.07057291,0.07076848,0.07064,0.07065,0,0,
638140288852647773,0.070822,0.070651,0.07057291,0.07076848,0.07064,0.07065,0,0,
638140288852935306,0.070822,0.070651,0.07057291,0.07076848,0.07065,0.07065,0,0,
638140288852936382,0.070822,0.070651,0.07057291,0.07076848,0.07065,0.07066,0,0,
638140288853772478,0.070822,0.070652,0.07057291,0.07076848,0.07065,0.07066,0,0,
638140288855811288,0.070822,0.070655,0.07057291,0.07076848,0.07065,0.07066,0,0,
638140288863776884,0.070822,0.070663,0.07057291,0.07076848,0.07065,0.07066,0,0,
638140288869702795,0.070822,0.070667,0.07057291,0.07076848,0.07065,0.07066,0,0,
638140288884850638,0.070822,0.07067,0.07057291,0.07076848,0.07065,0.07066,0,0,
638140288890755725,0.070822,0.070671,0.07057291,0.07076848,0.07065,0.07066,0,0,
638140288893710758,0.070822,0.070675,0.07057291,0.07076848,0.07065,0.07066,0,0,
638140288900755934,0.070822,0.070687,0.07057291,0.07076848,0.07065,0.07066,0,0,
638140288908695550,0.070822,0.07068,0.07057291,0.07076848,0.07065,0.07066,0,0,
638140288908696639,0.070822,0.07068,0.07057291,0.07076848,0.07065,0.07066,0,0,
638140288909925945,0.070822,0.07068,0.07057291,0.07076848,0.07066,0.07066,0,0,
638140288909926326,0.070822,0.07068,0.07057291,0.07076848,0.07066,0.07067,0,0,
638140288933814613,0.070822,0.070683,0.07057291,0.07076848,0.07066,0.07067,0,0,
638140288948890543,0.070822,0.070679,0.07057291,0.07076848,0.07066,0.07067,0,0,
638140288948891044,0.070822,0.070679,0.07057291,0.07076848,0.07066,0.07067,0,0,
638140288956788506,0.070822,0.070668,0.07057291,0.07076848,0.07066,0.07067,0,0,
638140288956789427,0.070822,0.070668,0.07057291,0.07076848,0.07066,0.07067,0,0,
638140288956789814,0.070822,0.070668,0.07057291,0.07076848,0.07066,0.07067,0,0,
638140288957719926,0.070822,0.070667,0.07057291,0.07076848,0.07066,0.07067,0,0,
638140288957721212,0.070822,0.070664,0.07057291,0.07076848,0.07066,0.07067,0,0,
638140288965653180,0.070822,0.070663,0.07057291,0.07076848,0.07066,0.07067,0,0,
638140288975891447,0.070822,0.07066,0.07057291,0.07076848,0.07066,0.07067,0,0,
638140288976823663,0.070822,0.070659,0.07057291,0.07076848,0.07066,0.07067,0,0,
638140288976824122,0.070822,0.070659,0.07057291,0.07076848,0.07066,0.07067,0,0,
638140289001955044,0.070822,0.070659,0.07057291,0.07076848,0.07065,0.07067,0,0,
638140289002917219,0.070822,0.070659,0.07057291,0.07076848,0.07065,0.07066,0,0,
638140289012923600,0.070822,0.070658,0.07057291,0.07076848,0.07065,0.07066,0,0,
638140289038015347,0.070822,0.070658,0.07057291,0.07076848,0.07066,0.07066,0,0,
638140289038018399,0.070822,0.070658,0.07057291,0.07076848,0.07066,0.07067,0,0,
638140289046847311,0.070822,0.070661,0.07057291,0.07076848,0.07066,0.07067,0,0,
638140289064025778,0.070822,0.070661,0.07057291,0.07076848,0.07065,0.07066,0,0,
638140289064029030,0.070822,0.070661,0.07057291,0.07076848,0.07065,0.07066,0,0,
638140289072818332,0.070822,0.07066,0.07057291,0.07076848,0.07065,0.07066,0,0,
638140289079904390,0.070822,0.070652,0.07057291,0.07076848,0.07065,0.07066,0,0,
638140289079904946,0.070822,0.070652,0.07057291,0.07076848,0.07065,0.07066,0,0,
638140289100801727,0.070822,0.070651,0.07057291,0.07076848,0.07065,0.07066,0,0,
638140289100802161,0.070822,0.070647,0.07057291,0.07076848,0.07065,0.07066,0,0,
638140289100803745,0.070822,0.070644,0.07057291,0.07076848,0.07065,0.07066,0,0,
638140289101876040,0.070822,0.070648,0.07057291,0.07076848,0.07065,0.07066,0,0,
638140289101878851,0.070822,0.07064,0.07057291,0.07076848,0.07065,0.07066,0,0,
638140289101879370,0.070822,0.07064,0.07057291,0.07076848,0.07065,0.07066,0,0,
638140289101879786,0.070822,0.07064,0.07057291,0.07076848,0.07065,0.07066,0,0,
638140289103727952,0.070822,0.070638,0.07057291,0.07076848,0.07065,0.07066,0,0,
638140289104835184,0.070822,0.070637,0.07057291,0.07076848,0.07065,0.07066,0,0,
638140289104835454,0.070822,0.070636,0.07057291,0.07076848,0.07065,0.07066,0,0,
638140289104948990,0.070822,0.070636,0.07057291,0.07076848,0.07064,0.07065,0,0,
638140289104950587,0.070822,0.070636,0.07057291,0.07076848,0.07064,0.07065,0,0,
638140289106921928,0.070822,0.070634,0.07057291,0.07076848,0.07064,0.07065,0,0,
638140289106923323,0.070822,0.070634,0.07057291,0.07076848,0.07064,0.07065,0,0,
638140289106923819,0.070822,0.070632,0.07057291,0.07076848,0.07064,0.07065,0,0,
638140289107928989,0.070822,0.070631,0.07057291,0.07076848,0.07064,0.07065,0,0,
638140289107931565,0.070822,0.070628,0.07057291,0.07076848,0.07064,0.07065,0,0,
638140289107932131,0.070822,0.070627,0.07057291,0.07076848,0.07064,0.07065,0,0,
638140289107932913,0.070822,0.070627,0.07057291,0.07076848,0.07064,0.07065,0,0,
638140289108038599,0.070822,0.070627,0.07057291,0.07076848,0.07063,0.07065,0,0,
638140289108040570,0.070822,0.070627,0.07057291,0.07076848,0.07063,0.07064,0,0,
638140289109176174,0.070822,0.070627,0.07057291,0.07072343,0.07063,0.07064,0,0,
638140289109876576,0.070822,0.070624,0.07057291,0.07072343,0.07063,0.07064,0,0,
638140289109876961,0.070822,0.070624,0.07057291,0.07072343,0.07063,0.07064,0,0,
638140289109963772,0.070822,0.070624,0.07052094,0.07072343,0.07063,0.07064,0,0,
638140289109964312,0.070822,0.070624,0.07052094,0.07072343,0.07063,0.07064,0,0,
638140289112012166,0.070822,0.070624,0.07052094,0.07072343,0.07062,0.07064,0,0,
638140289112015674,0.070822,0.070624,0.07052094,0.07072343,0.07062,0.07063,0,0,
638140289112818826,0.070822,0.070616,0.07052094,0.07072343,0.07062,0.07063,0,0,
638140289112819393,0.070822,0.070616,0.07052094,0.07072343,0.07062,0.07063,0,0,
638140289112819789,0.070822,0.070616,0.07052094,0.07072343,0.07062,0.07063,0,0,
638140289113967797,0.070822,0.070624,0.07052094,0.07072343,0.07062,0.07063,0,0,
638140289113969426,0.070822,0.070624,0.07052094,0.07072343,0.07062,0.07063,0,0,
638140289113969797,0.070822,0.070624,0.07052094,0.07072343,0.07062,0.07063,0,0,
638140289121932286,0.070822,0.070621,0.07052094,0.07072343,0.07062,0.07063,0,0,
638140289138928297,0.070822,0.070627,0.07052094,0.07072343,0.07062,0.07063,0,0,
638140289191928617,0.070822,0.070635,0.07052094,0.07072343,0.07062,0.07063,0,0,
638140289191929729,0.070822,0.070635,0.07052094,0.07072343,0.07062,0.07063,0,0,
638140289199897755,0.070822,0.070634,0.07052094,0.07072343,0.07062,0.07063,0,0,
638140289199899763,0.070822,0.070628,0.07052094,0.07072343,0.07062,0.07063,0,0,
638140289230998741,0.070822,0.070628,0.07052094,0.07072343,0.07063,0.07063,0,0,
638140289231002779,0.070822,0.070628,0.07052094,0.07072343,0.07063,0.07064,0,0,
638140289232050855,0.070822,0.070628,0.07052094,0.07072343,0.07062,0.07063,0,0,
638140289232051776,0.070822,0.070628,0.07052094,0.07072343,0.07062,0.07063,0,0,
638140289234988792,0.070822,0.070628,0.07052094,0.07072343,0.07061,0.07063,0,0,
638140289234992632,0.070822,0.070628,0.07052094,0.07072343,0.07061,0.07062,0,0,
638140289235926257,0.070822,0.070627,0.07052094,0.07072343,0.07061,0.07062,0,0,
638140289239250750,0.070822,0.070627,0.07052094,0.07072343,0.07062,0.07062,0,0,
638140289239252173,0.070822,0.070627,0.07052094,0.07072343,0.07062,0.07063,0,0,
638140289255098051,0.070822,0.070627,0.07052094,0.07072343,0.07061,0.07063,0,0,
638140289255099716,0.070822,0.070627,0.07052094,0.07072343,0.07061,0.07062,0,0,
638140289261835657,0.070822,0.070626,0.07052094,0.07072343,0.07061,0.07062,0,0,
638140289275924659,0.070822,0.070625,0.07052094,0.07072343,0.07061,0.07062,0,0,
638140289299194377,0.070822,0.070625,0.07052094,0.07072343,0.07062,0.07062,0,0,
638140289299195420,0.070822,0.070625,0.07052094,0.07072343,0.07062,0.07063,0,0,
638140289384865932,0.070822,0.070626,0.07052094,0.07072343,0.07062,0.07063,0,0,
638140289416891653,0.070822,0.070629,0.07052094,0.07072343,0.07062,0.07063,0,0,
638140289416899540,0.070822,0.070631,0.07052094,0.07072343,0.07062,0.07063,0,0,
638140289418610036,0.070822,0.070631,0.07052094,0.07072342,0.07062,0.07063,0,0,
638140289469161951,0.070822,0.070632,0.07052094,0.07072342,0.07062,0.07063,0,0,
638140289485959524,0.070822,0.070631,0.07052094,0.07072342,0.07062,0.07063,0,0,
638140289590081054,0.070822,0.070623,0.07052094,0.07072342,0.07062,0.07063,0,0,
638140289629068747,0.070822,0.070624,0.07052094,0.07072342,0.07062,0.07063,0,0,
638140289634080169,0.070822,0.070627,0.07052094,0.07072342,0.07062,0.07063,0,0,
638140289708165553,0.070822,0.070628,0.07052094,0.07072342,0.07062,0.07063,0,0,
638140289772981738,0.070822,0.070628,0.07052094,0.07072342,0.07063,0.07063,0,0,
638140289772984235,0.070822,0.070628,0.07052094,0.07072342,0.07063,0.07064,0,0,
638140289795054081,0.070822,0.070628,0.07052094,0.07072342,0.07062,0.07063,0,0,
638140289795055067,0.070822,0.070628,0.07052094,0.07072342,0.07062,0.07063,0,0,
638140289818172603,0.070822,0.070627,0.07052094,0.07072342,0.07062,0.07063,0,0,
638140289835113698,0.070822,0.070626,0.07052094,0.07072342,0.07062,0.07063,0,0,
638140289840125936,0.070822,0.070624,0.07052094,0.07072342,0.07062,0.07063,0,0,
638140289840126467,0.070822,0.070624,0.07052094,0.07072342,0.07062,0.07063,0,0,
638140289843100766,0.070822,0.070623,0.07052094,0.07072342,0.07062,0.07063,0,0,
638140289855104772,0.070822,0.070621,0.07052094,0.07072342,0.07062,0.07063,0,0,
638140289855105572,0.070822,0.070621,0.07052094,0.07072342,0.07062,0.07063,0,0,
638140289857139516,0.070822,0.07062,0.07052094,0.07072342,0.07062,0.07063,0,0,
638140289862196431,0.070822,0.070619,0.07052094,0.07072342,0.07062,0.07063,0,0,
638140289876062857,0.070822,0.070619,0.07052094,0.07072342,0.07061,0.07062,0,0,
638140289876064194,0.070822,0.070619,0.07052094,0.07072342,0.07061,0.07062,0,0,
638140289885127714,0.070822,0.070618,0.07052094,0.07072342,0.07061,0.07062,0,0,
638140289919417735,0.070822,0.070616,0.07052094,0.07072342,0.07061,0.07062,0,0,
638140289919418521,0.070822,0.070614,0.07052094,0.07072342,0.07061,0.07062,0,0,
638140289919419763,0.070822,0.070614,0.07052094,0.07072342,0.07061,0.07062,0,0,
638140289922271246,0.070822,0.070612,0.07052094,0.07072342,0.07061,0.07062,0,0,
638140289932094723,0.070822,0.070611,0.07052094,0.07072342,0.07061,0.07062,0,0,
638140289942108302,0.070822,0.07061,0.07052094,0.07072342,0.07061,0.07062,0,0,
638140289978258434,0.070822,0.070609,0.07052094,0.07072342,0.07061,0.07062,0,0,
638140289978259985,0.070822,0.070601,0.07052094,0.07072342,0.07061,0.07062,0,0,
638140289978260737,0.070822,0.070601,0.07052094,0.07072342,0.07061,0.07062,0,0,
638140289978261201,0.070822,0.070601,0.07052094,0.07072342,0.07061,0.07062,0,0,
638140289983243570,0.070822,0.0706,0.07052094,0.07072342,0.07061,0.07062,0,0,
638140289996141758,0.070822,0.0706,0.07052094,0.07072342,0.0706,0.07062,0,0,
638140289996144702,0.070822,0.0706,0.07052094,0.07072342,0.0706,0.07061,0,0,
638140289996411266,0.070822,0.070599,0.07052094,0.07072342,0.0706,0.07061,0,0,
638140289997011073,0.070822,0.070599,0.07052094,0.07072342,0.07059,0.07061,0,0,
638140289997017205,0.070822,0.070599,0.07052094,0.07072342,0.07059,0.0706,0,0,
638140290003287956,0.070822,0.070595,0.07052094,0.07072342,0.07059,0.0706,0,0,
638140290005135344,0.070822,0.070595,0.07052094,0.07072342,0.07058,0.0706,0,0,
638140290005136417,0.070822,0.070595,0.07052094,0.07072342,0.07057,0.0706,0,0,
638140290005139570,0.070822,0.070595,0.07052094,0.07072342,0.07057,0.07059,0,0,
638140290005293129,0.070822,0.070594,0.07052094,0.07072342,0.07057,0.07059,0,0,
638140290005295076,0.070822,0.070584,0.07052094,0.07072342,0.07057,0.07059,0,0,
638140290005295454,0.070822,0.070584,0.07052094,0.07072342,0.07057,0.07059,0,0,
638140290005959247,0.070822,0.070584,0.07052094,0.07070757,0.07057,0.07059,0,0,
638140290006069842,0.070822,0.070584,0.07052094,0.07070757,0.07057,0.07058,0,0,
638140290008232710,0.070822,0.07058,0.07052094,0.07070757,0.07057,0.07058,0,0,
638140290008233616,0.070822,0.07058,0.07052094,0.07070757,0.07057,0.07058,0,0,
638140290008691984,0.070822,0.07058,0.07052094,0.07067637,0.07057,0.07058,0,0,
638140290010309024,0.070822,0.070576,0.07052094,0.07067637,0.07057,0.07058,0,0,
638140290021407544,0.070822,0.070576,0.07047483,0.07067637,0.07057,0.07058,0,0,
638140290023234150,0.070822,0.070575,0.07047483,0.07067637,0.07057,0.07058,0,0,
638140290023234924,0.070822,0.070573,0.07047483,0.07067637,0.07057,0.07058,0,0,
638140290031329400,0.070822,0.070572,0.07047483,0.07067637,0.07057,0.07058,0,0,
638140290032280508,0.070822,0.070569,0.07047483,0.07067637,0.07057,0.07058,0,0,
638140290032280973,0.070822,0.070569,0.07047483,0.07067637,0.07057,0.07058,0,0,
638140290040123540,0.070822,0.070568,0.07047483,0.07067637,0.07057,0.07058,0,0,
638140290053130953,0.070822,0.070568,0.07047483,0.07067637,0.07058,0.07059,0,0,
638140290053136514,0.070822,0.070568,0.07047483,0.07067637,0.07058,0.07059,0,0,
638140290059384703,0.070822,0.070571,0.07047483,0.07067637,0.07058,0.07059,0,0,
638140290063233350,0.070822,0.070575,0.07047483,0.07067637,0.07058,0.07059,0,0,
638140290065447401,0.070822,0.070579,0.07047483,0.07067637,0.07058,0.07059,0,0,
638140290069323376,0.070822,0.070583,0.07047483,0.07067637,0.07058,0.07059,0,0,
638140290071332952,0.070822,0.070587,0.07047483,0.07067637,0.07058,0.07059,0,0,
638140290072262827,0.070822,0.070591,0.07047483,0.07067637,0.07058,0.07059,0,0,
638140290077280062,0.070822,0.070595,0.07047483,0.07067637,0.07058,0.07059,0,0,
638140290086248797,0.070822,0.070594,0.07047483,0.07067637,0.07058,0.07059,0,0,
638140290086249241,0.070822,0.070593,0.07047483,0.07067637,0.07058,0.07059,0,0,
638140290086249622,0.070822,0.070593,0.07047483,0.07067637,0.07058,0.07059,0,0,
638140290100433481,0.070822,0.070592,0.07047483,0.07067637,0.07058,0.07059,0,0,
638140290109103905,0.070822,0.070592,0.07047483,0.07067637,0.07059,0.0706,0,0,
638140290109104965,0.070822,0.070592,0.07047483,0.07067637,0.07059,0.0706,0,0,
638140290115190793,0.070822,0.070592,0.07047483,0.07067637,0.0706,0.0706,0,0,
638140290115195412,0.070822,0.070592,0.07047483,0.07067637,0.0706,0.07061,0,0,
638140290115573278,0.070822,0.070598,0.07047483,0.07067637,0.0706,0.07061,0,0,
638140290123315007,0.070822,0.0706,0.07047483,0.07067637,0.0706,0.07061,0,0,
638140290123315440,0.070822,0.0706,0.07047483,0.07067637,0.0706,0.07061,0,0,
638140290144599294,0.070822,0.070603,0.07047483,0.07067637,0.0706,0.07061,0,0,
638140290145364937,0.070822,0.070607,0.07047483,0.07067637,0.0706,0.07061,0,0,
638140290148376219,0.070822,0.07061,0.07047483,0.07067637,0.0706,0.07061,0,0,
638140290237425138,0.070822,0.070615,0.07047483,0.07067637,0.0706,0.07061,0,0,
638140290254389186,0.070822,0.070619,0.07047483,0.07067637,0.0706,0.07061,0,0,
638140290254392868,0.070822,0.070619,0.07052166,0.07067637,0.0706,0.07061,0,0,
638140290284402459,0.070822,0.070616,0.07052166,0.07067637,0.0706,0.07061,0,0,
638140290284404632,0.070822,0.070616,0.07052166,0.07067637,0.0706,0.07061,0,0,
638140290349275495,0.070822,0.070612,0.07052166,0.07067637,0.0706,0.07061,0,0,
638140290349276002,0.070822,0.070612,0.07052166,0.07067637,0.0706,0.07061,0,0,
638140290485494031,0.070822,0.070613,0.07052166,0.07067637,0.0706,0.07061,0,0,
638140290530406894,0.070822,0.070608,0.07052166,0.07067637,0.0706,0.07061,0,0,
638140290557455138,0.070822,0.070604,0.07052166,0.07067637,0.0706,0.07061,0,0,
638140290557455577,0.070822,0.070604,0.07052166,0.07067637,0.0706,0.07061,0,0,
638140290557455960,0.070822,0.070604,0.07052166,0.07067637,0.0706,0.07061,0,0,
638140290561547273,0.070822,0.070602,0.07052166,0.07067637,0.0706,0.07061,0,0,
638140290562472621,0.070822,0.070601,0.07052166,0.07067637,0.0706,0.07061,0,0,
638140290563597834,0.070822,0.070596,0.07052166,0.07067637,0.0706,0.07061,0,0,
638140290584615509,0.070822,0.070592,0.07052166,0.07067637,0.0706,0.07061,0,0,
638140290584616502,0.070822,0.070592,0.07052166,0.07067637,0.0706,0.07061,0,0,
638140290613687664,0.070822,0.070591,0.07052166,0.07067637,0.0706,0.07061,0,0,
638140290680677298,0.070822,0.07059,0.07052166,0.07067637,0.0706,0.07061,0,0,
638140290685174361,0.070822,0.07059,0.07052166,0.07067637,0.07058,0.07059,0,0,
638140290685174885,0.070822,0.07059,0.07052166,0.07067637,0.07058,0.07059,0,0,
638140290706436799,0.070822,0.070589,0.07052166,0.07067637,0.07058,0.07059,0,0,
638140290719457875,0.070822,0.070587,0.07052166,0.07067637,0.07058,0.07059,0,0,
638140290719458408,0.070822,0.070587,0.07052166,0.07067637,0.07058,0.07059,0,0,
638140290762495200,0.070822,0.070588,0.07052166,0.07067637,0.07058,0.07059,0,0,
638140290803212846,0.070822,0.070588,0.07052166,0.07067637,0.07059,0.07059,0,0,
638140290803213482,0.070822,0.070588,0.07052166,0.07067637,0.07059,0.0706,0,0,
638140290824992262,0.070822,0.070588,0.07052166,0.07067637,0.07058,0.0706,0,0,
638140290824992933,0.070822,0.070588,0.07052166,0.07067637,0.07058,0.07059,0,0,
638140290828213264,0.070822,0.070588,0.07052166,0.07067637,0.07058,0.0706,0,0,
638140290828610275,0.070822,0.070589,0.07052166,0.07067637,0.07058,0.0706,0,0,
638140290829089534,0.070822,0.070589,0.07052166,0.07067637,0.07059,0.0706,0,0,
638140290876088694,0.070822,0.070589,0.07052166,0.07067637,0.07058,0.07059,0,0,
638140290876089704,0.070822,0.070589,0.07052166,0.07067637,0.07058,0.07059,0,0,
638140290981706606,0.070822,0.070588,0.07052166,0.07067637,0.07058,0.07059,0,0,
638140290982602702,0.070822,0.070587,0.07052166,0.07067637,0.07058,0.07059,0,0,
638140290982603183,0.070822,0.070587,0.07052166,0.07067637,0.07058,0.07059,0,0,
638140290985765353,0.070822,0.070586,0.07052166,0.07067637,0.07058,0.07059,0,0,
638140290991728506,0.070822,0.070585,0.07052166,0.07067637,0.07058,0.07059,0,0,
638140291026963531,0.070822,0.070585,0.07052166,0.07067636,0.07058,0.07059,0,0,
638140291058674894,0.070822,0.070584,0.07052166,0.07067636,0.07058,0.07059,0,0,
638140291058675582,0.070822,0.070576,0.07052166,0.07067636,0.07058,0.07059,0,0,
638140291059450831,0.070822,0.070576,0.07047484,0.07067636,0.07058,0.07059,0,0,
638140291059451532,0.070822,0.070576,0.07047484,0.07067636,0.07058,0.07059,0,0,
638140291142067441,0.070822,0.070576,0.07047484,0.07067636,0.07058,0.07058,0,0,
638140291142080409,0.070822,0.070576,0.07047484,0.07067636,0.07057,0.07058,0,0,
638140291167934330,0.070822,0.070579,0.07047484,0.07067636,0.07057,0.07058,0,0,
638140291268932598,0.070822,0.070575,0.07047484,0.07067636,0.07057,0.07058,0,0,
638140291269985117,0.070822,0.070572,0.07047484,0.07067636,0.07057,0.07058,0,0,
638140291269985664,0.070822,0.070572,0.07047484,0.07067636,0.07057,0.07058,0,0,
638140291270116470,0.070822,0.070572,0.07047484,0.07067636,0.07056,0.07058,0,0,
638140291270120601,0.070822,0.070572,0.07047484,0.07067636,0.07056,0.07057,0,0,
638140291277998424,0.070822,0.070572,0.07047484,0.07067636,0.07056,0.07058,0,0,
638140291278004602,0.070822,0.070572,0.07047484,0.07067636,0.07057,0.07058,0,0,
638140291288929469,0.070822,0.070579,0.07047484,0.07067636,0.07057,0.07058,0,0,
638140291475175610,0.070822,0.070579,0.07047484,0.07067636,0.07058,0.07059,0,0,
638140291475176951,0.070822,0.070579,0.07047484,0.07067636,0.07058,0.07059,0,0,
638140291638045510,0.070822,0.070579,0.07047484,0.07067636,0.07057,0.07059,0,0,
638140291638047476,0.070822,0.070579,0.07047484,0.07067636,0.07057,0.07058,0,0,
638140291643176494,0.070822,0.070579,0.07047484,0.07067636,0.07058,0.07058,0,0,
638140291643177092,0.070822,0.070579,0.07047484,0.07067636,0.07058,0.07059,0,0,
638140291699130114,0.070822,0.070579,0.07047484,0.07067636,0.07057,0.07059,0,0,
638140291699136025,0.070822,0.070579,0.07047484,0.07067636,0.07057,0.07058,0,0,
638140291725150843,0.070822,0.070579,0.07047484,0.07067636,0.07056,0.07058,0,0,
638140291725155878,0.070822,0.070579,0.07047484,0.07067636,0.07056,0.07057,0,0,
638140291814035367,0.070822,0.070579,0.07047484,0.07067636,0.07056,0.07056,0,0,
638140291814042560,0.070822,0.070579,0.07047484,0.07067636,0.07055,0.07056,0,0,
