time,binanceUNIBTCbidMax,binanceUNIBTCsellMin,nicehashUNIBTCbidMax,nicehashUNIBTCsellMin,okxUNIBTCUNI-BTCbidMax,okxUNIBTCUNI-BTCsellMin,bitstampUNIBTCbidMax,bitstampUNIBTCsellMin,
638140282135810157,0,0,0.00027882,0,0,0,0,0,
638140282140048791,0,0,0.00027882,0.00027968,0,0,0,0,
638140282180800276,0,0,0.00027882,0.00027968,0,0.0002796,0,0,
638140282182663799,0,0,0.00027882,0.00027968,0.0002789,0.0002796,0,0,
638140282204742647,0,0,0.00027882,0.00027968,0.0002791,0.0002796,0,0,
638140282204743496,0,0,0.00027882,0.00027968,0.0002791,0.0002796,0,0,
638140282208659247,0,0,0.00027882,0.00027968,0.0002792,0.0002796,0,0,
638140282258599359,0,0,0.00027882,0.00027986,0.0002792,0.0002796,0,0,
638140282259709616,0,0,0.00027882,0.00027986,0.0002793,0.0002796,0,0,
638140282260477874,0,0,0.00027901,0.00027986,0.0002793,0.0002796,0,0,
638140282306946437,0,0,0.00027883,0.00027986,0.0002793,0.0002796,0,0,
638140282334714799,0,0.0002797,0.00027883,0.00027986,0.0002793,0.0002796,0,0,
638140282351861743,0,0.0002794,0.00027883,0.00027986,0.0002793,0.0002796,0,0,
638140282351862489,0,0.0002794,0.00027883,0.00027986,0.0002793,0.0002796,0,0,
638140282353675628,0.000279,0.0002794,0.00027883,0.00027986,0.0002793,0.0002796,0,0,
638140282359907827,0.0002792,0.0002794,0.00027883,0.00027986,0.0002793,0.0002796,0,0,
638140282360632533,0.0002792,0.0002794,0.00027883,0.00027986,0.0002792,0.0002796,0,0,
638140282382050744,0.0002792,0.0002793,0.00027883,0.00027986,0.0002792,0.0002796,0,0,
638140282383139756,0.0002792,0.0002793,0.00027883,0.00027968,0.0002792,0.0002796,0,0,
638140282383140412,0.0002792,0.0002793,0.00027883,0.00027968,0.0002792,0.0002796,0,0,
638140282383882406,0.0002792,0.0002794,0.00027883,0.00027968,0.0002792,0.0002796,0,0,
638140282474221956,0.0002793,0.0002794,0.00027883,0.00027968,0.0002792,0.0002796,0,0,
638140282536183948,0.0002793,0.0002794,0.00027883,0.00027987,0.0002792,0.0002796,0,0,
638140282632981385,0.0002792,0.0002794,0.00027883,0.00027987,0.0002792,0.0002796,0,0,
638140282632982125,0.0002792,0.0002793,0.00027883,0.00027987,0.0002792,0.0002796,0,0,
638140282634707105,0.0002792,0.0002793,0.00027883,0.00027968,0.0002792,0.0002796,0,0,
638140282634707574,0.0002792,0.0002793,0.00027883,0.00027968,0.0002792,0.0002796,0,0,
638140282652818612,0.0002793,0.0002793,0.00027883,0.00027968,0.0002792,0.0002796,0,0,
638140282652819528,0.0002793,0.0002794,0.00027883,0.00027968,0.0002792,0.0002796,0,0,
638140282653945581,0.0002793,0.0002795,0.00027883,0.00027968,0.0002792,0.0002796,0,0,
638140282653945945,0.0002794,0.0002795,0.00027883,0.00027968,0.0002792,0.0002796,0,0,
638140282654079221,0.0002794,0.0002795,0.00027901,0.00027968,0.0002792,0.0002796,0,0,
638140282655023003,0.0002794,0.0002795,0.00027901,0.00027988,0.0002792,0.0002796,0,0,
638140282660874581,0.0002793,0.0002795,0.00027901,0.00027988,0.0002792,0.0002796,0,0,
638140282720027191,0.0002793,0.0002794,0.00027901,0.00027988,0.0002792,0.0002796,0,0,
638140282852106474,0.0002793,0.0002795,0.00027901,0.00027988,0.0002792,0.0002796,0,0,
638140282976148813,0.0002794,0.0002795,0.00027901,0.00027988,0.0002792,0.0002796,0,0,
638140283041178971,0.0002793,0.0002795,0.00027901,0.00027988,0.0002792,0.0002796,0,0,
638140283048064958,0.0002793,0.0002794,0.00027901,0.00027988,0.0002792,0.0002796,0,0,
638140283049184380,0.0002793,0.0002795,0.00027901,0.00027988,0.0002792,0.0002796,0,0,
638140283056320845,0.0002794,0.0002795,0.00027901,0.00027988,0.0002792,0.0002796,0,0,
638140283078165639,0.0002793,0.0002795,0.00027901,0.00027988,0.0002792,0.0002796,0,0,
638140283079067684,0.0002794,0.0002795,0.00027901,0.00027988,0.0002792,0.0002796,0,0,
638140283133357377,0.0002793,0.0002795,0.00027901,0.00027988,0.0002792,0.0002796,0,0,
638140283158193822,0.0002793,0.0002794,0.00027901,0.00027988,0.0002792,0.0002796,0,0,
638140283191343592,0.0002793,0.0002795,0.00027901,0.00027988,0.0002792,0.0002796,0,0,
638140283225354083,0.0002794,0.0002795,0.00027901,0.00027988,0.0002792,0.0002796,0,0,
638140283234427191,0.0002793,0.0002795,0.00027901,0.00027988,0.0002792,0.0002796,0,0,
638140283243232423,0.0002793,0.0002794,0.00027901,0.00027988,0.0002792,0.0002796,0,0,
638140283245607286,0.0002793,0.0002795,0.00027901,0.00027988,0.0002792,0.0002796,0,0,
638140283246660616,0.0002794,0.0002795,0.00027901,0.00027988,0.0002792,0.0002796,0,0,
638140283249447070,0.0002793,0.0002795,0.00027901,0.00027988,0.0002792,0.0002796,0,0,
638140283250479586,0.0002793,0.0002794,0.00027901,0.00027988,0.0002792,0.0002796,0,0,
638140283252408050,0.0002793,0.0002795,0.00027901,0.00027988,0.0002792,0.0002796,0,0,
638140283254438356,0.0002793,0.0002794,0.00027901,0.00027988,0.0002792,0.0002796,0,0,
638140283258300036,0.0002793,0.0002795,0.00027901,0.00027988,0.0002792,0.0002796,0,0,
638140283263494837,0.0002794,0.0002795,0.00027901,0.00027988,0.0002792,0.0002796,0,0,
638140283276639320,0.0002794,0.0002795,0.00027901,0.00027988,0.0002792,0.0002797,0,0,
638140283276639785,0.0002794,0.0002795,0.00027901,0.00027988,0.0002792,0.0002798,0,0,
638140283282278135,0.0002795,0.0002795,0.00027901,0.00027988,0.0002792,0.0002798,0,0,
638140283282280675,0.0002795,0.0002796,0.00027901,0.00027988,0.0002792,0.0002798,0,0,
638140283282778124,0.0002795,0.0002796,0.00027901,0.00027988,0.0002793,0.0002798,0,0,
638140283289484243,0.0002795,0.0002796,0.00027901,0.00028007,0.0002793,0.0002798,0,0,
638140283308798450,0.0002795,0.0002796,0.00027901,0.00028007,0.0002794,0.0002798,0,0,
638140283395320888,0.0002794,0.0002796,0.00027901,0.00028007,0.0002794,0.0002798,0,0,
638140283407871622,0.0002794,0.0002796,0.00027901,0.00028007,0.0002794,0.0002797,0,0,
638140283410283971,0.0002794,0.0002795,0.00027901,0.00028007,0.0002794,0.0002797,0,0,
638140283412267097,0.0002794,0.0002795,0.00027901,0.00027988,0.0002794,0.0002797,0,0,
638140283417294850,0.0002794,0.0002796,0.00027901,0.00027988,0.0002794,0.0002797,0,0,
638140283421393926,0.0002794,0.0002795,0.00027901,0.00027988,0.0002794,0.0002797,0,0,
638140283428328802,0.0002794,0.0002796,0.00027901,0.00027988,0.0002794,0.0002797,0,0,
638140283440240450,0.0002794,0.0002795,0.00027901,0.00027988,0.0002794,0.0002797,0,0,
638140283441200891,0.0002794,0.0002796,0.00027901,0.00027988,0.0002794,0.0002797,0,0,
638140283441690667,0.0002794,0.0002796,0.00027901,0.00027988,0.0002792,0.0002797,0,0,
638140283467332917,0.0002794,0.0002795,0.00027901,0.00027988,0.0002792,0.0002797,0,0,
638140283493385095,0.0002794,0.0002794,0.00027901,0.00027988,0.0002792,0.0002797,0,0,
638140283493447265,0.0002793,0.0002794,0.00027901,0.00027988,0.0002792,0.0002797,0,0,
638140283516516703,0.0002793,0.0002795,0.00027901,0.00027988,0.0002792,0.0002797,0,0,
638140283528571544,0.0002793,0.0002794,0.00027901,0.00027988,0.0002792,0.0002797,0,0,
638140283530332576,0.0002794,0.0002794,0.00027901,0.00027988,0.0002792,0.0002797,0,0,
638140283530433538,0.0002794,0.0002795,0.00027901,0.00027988,0.0002792,0.0002797,0,0,
638140283531426254,0.0002794,0.0002796,0.00027901,0.00027988,0.0002792,0.0002797,0,0,
638140283532799649,0.0002794,0.0002796,0.00027901,0.00027988,0.0002793,0.0002797,0,0,
638140283533287171,0.0002795,0.0002796,0.00027901,0.00027988,0.0002793,0.0002797,0,0,
638140283538333778,0.0002794,0.0002796,0.00027901,0.00027988,0.0002793,0.0002797,0,0,
638140283539431768,0.0002795,0.0002796,0.00027901,0.00027988,0.0002793,0.0002797,0,0,
638140283540827837,0.0002795,0.0002796,0.00027901,0.00028008,0.0002793,0.0002797,0,0,
638140283549747521,0.0002795,0.0002796,0.00027901,0.00028008,0.0002793,0.0002798,0,0,
638140283550686338,0.0002795,0.0002796,0.00027901,0.00028008,0.0002792,0.0002798,0,0,
638140283555694633,0.0002795,0.0002796,0.00027901,0.00028008,0.0002793,0.0002798,0,0,
638140283706449446,0.0002794,0.0002796,0.00027901,0.00028008,0.0002793,0.0002798,0,0,
638140283726410680,0.0002795,0.0002796,0.00027901,0.00028008,0.0002793,0.0002798,0,0,
638140283737413774,0.0002794,0.0002796,0.00027901,0.00028008,0.0002793,0.0002798,0,0,
638140283742574129,0.0002795,0.0002796,0.00027901,0.00028008,0.0002793,0.0002798,0,0,
638140283799633564,0.0002794,0.0002796,0.00027901,0.00028008,0.0002793,0.0002798,0,0,
638140283800658509,0.0002795,0.0002796,0.00027901,0.00028008,0.0002793,0.0002798,0,0,
638140283807702732,0.0002795,0.0002796,0.00027901,0.00028008,0.0002794,0.0002798,0,0,
638140283808704689,0.0002795,0.0002796,0.00027901,0.00028008,0.0002793,0.0002798,0,0,
638140283811734677,0.0002795,0.0002796,0.00027901,0.00028008,0.0002794,0.0002798,0,0,
638140283812673204,0.0002795,0.0002796,0.00027901,0.00028008,0.0002795,0.0002798,0,0,
638140283820711192,0.0002795,0.0002796,0.00027901,0.00028008,0.0002795,0.00028,0,0,
638140283820711878,0.0002795,0.0002796,0.00027901,0.00028008,0.0002795,0.0002799,0,0,
638140283821726094,0.0002795,0.0002796,0.00027901,0.00028008,0.0002795,0.0002801,0,0,
638140283822869187,0.0002795,0.0002796,0.00027901,0.00028008,0.0002795,0.00028,0,0,
638140283823806662,0.0002795,0.0002796,0.00027901,0.00028008,0.0002794,0.00028,0,0,
638140283828819742,0.0002795,0.0002796,0.00027901,0.00028008,0.0002794,0.0002799,0,0,
638140283828820219,0.0002795,0.0002796,0.00027901,0.00028008,0.0002794,0.0002799,0,0,
638140283828821517,0.0002795,0.0002796,0.00027901,0.00028008,0.0002794,0.0002798,0,0,
638140283829729587,0.0002795,0.0002796,0.00027901,0.00028008,0.0002794,0.00028,0,0,
638140283830821970,0.0002795,0.0002796,0.00027901,0.00028008,0.0002793,0.00028,0,0,
638140283832699623,0.0002795,0.0002796,0.00027901,0.00028008,0.0002794,0.00028,0,0,
638140283839693490,0.0002795,0.0002796,0.00027901,0.00028008,0.0002794,0.0002799,0,0,
638140283910745597,0.0002795,0.0002796,0.00027901,0.00028008,0.0002794,0.00028,0,0,
638140283948760973,0.0002795,0.0002796,0.00027901,0.00028008,0.0002794,0.0002798,0,0,
638140283948761430,0.0002795,0.0002796,0.00027901,0.00028008,0.0002794,0.0002798,0,0,
638140283949848069,0.0002795,0.0002796,0.00027901,0.00028008,0.0002794,0.0002799,0,0,
638140283975684259,0.0002795,0.0002796,0.00027901,0.00028008,0.0002795,0.0002799,0,0,
638140283976810149,0.0002795,0.0002796,0.00027901,0.00028008,0.0002794,0.0002799,0,0,
638140284046782617,0.0002795,0.0002796,0.00027901,0.00028008,0.0002795,0.0002799,0,0,
638140284047631538,0.0002796,0.0002796,0.00027901,0.00028008,0.0002795,0.0002799,0,0,
638140284047634019,0.0002796,0.0002798,0.00027901,0.00028008,0.0002795,0.0002799,0,0,
638140284048561547,0.0002797,0.0002798,0.00027901,0.00028008,0.0002795,0.0002799,0,0,
638140284048825789,0.0002797,0.0002798,0.00027901,0.00028008,0.0002795,0.0002801,0,0,
638140284049007943,0.0002797,0.0002798,0.00027921,0.00028008,0.0002795,0.0002801,0,0,
638140284049485134,0.0002797,0.0002798,0.00027931,0.00028008,0.0002795,0.0002801,0,0,
638140284075818240,0.0002797,0.0002798,0.00027931,0.00028008,0.0002795,0.0002799,0,0,
638140284075818678,0.0002797,0.0002798,0.00027931,0.00028008,0.0002795,0.0002799,0,0,
638140284076750247,0.0002797,0.0002798,0.00027931,0.00028008,0.0002795,0.00028,0,0,
638140284086843726,0.0002797,0.0002798,0.00027931,0.00028008,0.0002794,0.00028,0,0,
638140284089716646,0.0002797,0.0002798,0.00027931,0.00028008,0.0002795,0.00028,0,0,
638140284133816828,0.0002797,0.0002798,0.00027931,0.00028008,0.0002794,0.00028,0,0,
638140284136921172,0.0002796,0.0002798,0.00027931,0.00028008,0.0002794,0.00028,0,0,
638140284139147906,0.0002796,0.0002798,0.00027931,0.00028008,0.0002795,0.00028,0,0,
638140284202868546,0.0002796,0.0002798,0.00027931,0.00028008,0.0002795,0.0002799,0,0,
638140284204718109,0.0002796,0.0002798,0.00027931,0.00028008,0.0002795,0.00028,0,0,
638140284245734493,0.0002796,0.0002797,0.00027931,0.00028008,0.0002795,0.00028,0,0,
638140284247795122,0.0002796,0.0002797,0.00027931,0.00028008,0.0002795,0.0002799,0,0,
638140284248912606,0.0002796,0.0002797,0.00027931,0.00028008,0.0002795,0.0002797,0,0,
638140284248913005,0.0002796,0.0002797,0.00027931,0.00028008,0.0002795,0.0002797,0,0,
638140284255805325,0.0002796,0.0002797,0.00027931,0.00028008,0.0002794,0.0002797,0,0,
638140284256391728,0.0002796,0.0002797,0.00027921,0.00028008,0.0002794,0.0002797,0,0,
638140284256743334,0.0002795,0.0002797,0.00027921,0.00028008,0.0002794,0.0002797,0,0,
638140284257665720,0.0002795,0.0002796,0.00027921,0.00028008,0.0002794,0.0002797,0,0,
638140284257800028,0.0002795,0.0002796,0.00027921,0.00028008,0.0002793,0.0002797,0,0,
638140284257969451,0.0002795,0.0002796,0.00027912,0.00028008,0.0002793,0.0002797,0,0,
638140284306895785,0.0002795,0.0002796,0.00027912,0.00028008,0.0002793,0.0002798,0,0,
638140284342884754,0.0002795,0.0002796,0.00027912,0.00028008,0.0002792,0.0002798,0,0,
638140284346773679,0.0002795,0.0002796,0.00027912,0.00028008,0.0002793,0.0002798,0,0,
638140284400931022,0.0002794,0.0002796,0.00027912,0.00028008,0.0002793,0.0002798,0,0,
638140284401756295,0.0002795,0.0002796,0.00027912,0.00028008,0.0002793,0.0002798,0,0,
638140284401757621,0.0002795,0.0002797,0.00027912,0.00028008,0.0002793,0.0002798,0,0,
638140284402695559,0.0002795,0.0002796,0.00027912,0.00028008,0.0002793,0.0002798,0,0,
638140284402835252,0.0002795,0.0002796,0.00027912,0.00028008,0.0002793,0.0002799,0,0,
638140284408810874,0.0002794,0.0002796,0.00027912,0.00028008,0.0002793,0.0002799,0,0,
638140284414705686,0.0002795,0.0002796,0.00027912,0.00028008,0.0002793,0.0002799,0,0,
638140284425830271,0.0002795,0.0002796,0.00027912,0.00028008,0.0002794,0.0002799,0,0,
638140284444008327,0.0002795,0.0002796,0.00027912,0.00028008,0.0002793,0.0002799,0,0,
638140284445918846,0.0002795,0.0002796,0.00027912,0.00028008,0.0002794,0.0002799,0,0,
638140284476742280,0.0002795,0.0002796,0.00027912,0.00028008,0.0002794,0.0002797,0,0,
638140284476742825,0.0002795,0.0002796,0.00027912,0.00028008,0.0002794,0.0002797,0,0,
638140284477926524,0.0002795,0.0002796,0.00027912,0.00028008,0.0002794,0.0002798,0,0,
638140284492030456,0.0002795,0.0002796,0.00027912,0.00028008,0.0002794,0.0002799,0,0,
638140284498722059,0.0002795,0.0002796,0.00027912,0.00028008,0.0002793,0.0002799,0,0,
638140284499827339,0.0002795,0.0002797,0.00027912,0.00028008,0.0002793,0.0002799,0,0,
638140284502820443,0.0002795,0.0002797,0.00027912,0.00028008,0.0002794,0.0002799,0,0,
638140284502878163,0.0002796,0.0002797,0.00027912,0.00028008,0.0002794,0.0002799,0,0,
638140284503750986,0.0002796,0.0002797,0.00027912,0.00028008,0.0002793,0.0002799,0,0,
638140284504853181,0.0002796,0.0002797,0.00027912,0.00028008,0.0002794,0.0002799,0,0,
638140284512826523,0.0002795,0.0002797,0.00027912,0.00028008,0.0002794,0.0002799,0,0,
638140284515961726,0.0002796,0.0002797,0.00027912,0.00028008,0.0002794,0.0002799,0,0,
638140284526746591,0.0002796,0.0002797,0.00027912,0.00028008,0.0002793,0.0002799,0,0,
638140284533087055,0.0002795,0.0002797,0.00027912,0.00028008,0.0002793,0.0002799,0,0,
638140284534756847,0.0002795,0.0002797,0.00027912,0.00028008,0.0002794,0.0002799,0,0,
638140284583773004,0.0002795,0.0002796,0.00027912,0.00028008,0.0002794,0.0002799,0,0,
638140284592794399,0.0002795,0.0002796,0.00027912,0.00028008,0.0002794,0.0002798,0,0,
638140284611823803,0.0002795,0.0002796,0.00027912,0.00028008,0.0002793,0.0002798,0,0,
638140284613890105,0.0002795,0.0002796,0.00027912,0.00028008,0.0002794,0.0002798,0,0,
638140284665886307,0.0002795,0.0002796,0.00027912,0.00028008,0.0002793,0.0002798,0,0,
638140284668870547,0.0002795,0.0002796,0.00027912,0.00028008,0.0002792,0.0002798,0,0,
638140284672731367,0.0002795,0.0002796,0.00027912,0.00028008,0.0002793,0.0002798,0,0,
638140284709730766,0.0002795,0.0002796,0.00027912,0.00028008,0.0002793,0.0002797,0,0,
638140284728314351,0.0002794,0.0002796,0.00027912,0.00028008,0.0002793,0.0002797,0,0,
638140284728986366,0.0002794,0.0002795,0.00027912,0.00028008,0.0002793,0.0002797,0,0,
638140284730696412,0.0002794,0.0002795,0.00027912,0.00028005,0.0002793,0.0002797,0,0,
638140284731148022,0.0002794,0.0002795,0.00027912,0.00027988,0.0002793,0.0002797,0,0,
638140284755872360,0.0002794,0.0002796,0.00027912,0.00027988,0.0002793,0.0002797,0,0,
638140284771238013,0.0002794,0.0002795,0.00027912,0.00027988,0.0002793,0.0002797,0,0,
638140284772054733,0.0002794,0.0002796,0.00027912,0.00027988,0.0002793,0.0002797,0,0,
638140284786155518,0.0002794,0.0002795,0.00027912,0.00027988,0.0002793,0.0002797,0,0,
638140284786748482,0.0002794,0.0002795,0.00027912,0.00027988,0.0002792,0.0002797,0,0,
638140284801837341,0.0002794,0.0002795,0.00027912,0.00027988,0.0002793,0.0002797,0,0,
638140284832970951,0.0002793,0.0002795,0.00027912,0.00027988,0.0002793,0.0002797,0,0,
638140284833927154,0.0002793,0.0002794,0.00027912,0.00027988,0.0002793,0.0002797,0,0,
638140284834719004,0.0002793,0.0002794,0.00027891,0.00027988,0.0002793,0.0002797,0,0,
638140284834719546,0.0002793,0.0002794,0.00027891,0.00027988,0.0002793,0.0002797,0,0,
638140284843817228,0.0002793,0.0002794,0.00027891,0.00027988,0.0002793,0.0002796,0,0,
638140284896846548,0.0002793,0.0002794,0.00027891,0.00027988,0.0002792,0.0002796,0,0,
638140284897001156,0.0002792,0.0002794,0.00027891,0.00027988,0.0002792,0.0002796,0,0,
638140284898079143,0.0002792,0.0002793,0.00027891,0.00027988,0.0002792,0.0002796,0,0,
638140284899803041,0.0002792,0.0002793,0.00027891,0.00027968,0.0002792,0.0002796,0,0,
638140284899803876,0.0002792,0.0002793,0.00027891,0.00027968,0.0002792,0.0002796,0,0,
638140284900731818,0.0002792,0.0002793,0.00027891,0.00027968,0.0002792,0.0002797,0,0,
638140284909810366,0.0002792,0.0002793,0.00027891,0.00027968,0.0002792,0.0002796,0,0,
638140284947760518,0.0002792,0.0002793,0.00027891,0.00027968,0.0002792,0.0002795,0,0,
638140285028748147,0.0002792,0.0002793,0.00027891,0.00027968,0.0002792,0.0002796,0,0,
638140285037005772,0.0002792,0.0002794,0.00027891,0.00027968,0.0002792,0.0002796,0,0,
638140285041374442,0.0002792,0.0002793,0.00027891,0.00027968,0.0002792,0.0002796,0,0,
638140285042151300,0.0002792,0.0002794,0.00027891,0.00027968,0.0002792,0.0002796,0,0,
638140285067992708,0.0002792,0.0002793,0.00027891,0.00027968,0.0002792,0.0002796,0,0,
638140285070026822,0.0002792,0.0002794,0.00027891,0.00027968,0.0002792,0.0002796,0,0,
638140285125063583,0.0002792,0.0002793,0.00027891,0.00027968,0.0002792,0.0002796,0,0,
638140285136879491,0.0002792,0.0002793,0.00027891,0.00027968,0.0002792,0.0002795,0,0,
638140285137797082,0.0002792,0.0002793,0.00027891,0.00027968,0.0002792,0.0002796,0,0,
638140285254307431,0.0002792,0.0002794,0.00027891,0.00027968,0.0002792,0.0002796,0,0,
638140285275244773,0.0002793,0.0002794,0.00027891,0.00027968,0.0002792,0.0002796,0,0,
638140285280915779,0.0002793,0.0002794,0.00027891,0.00027968,0.0002792,0.0002797,0,0,
638140285307290568,0.0002794,0.0002794,0.00027891,0.00027968,0.0002792,0.0002797,0,0,
638140285307298127,0.0002794,0.0002795,0.00027891,0.00027968,0.0002792,0.0002797,0,0,
638140285307298657,0.0002794,0.0002794,0.00027891,0.00027968,0.0002792,0.0002797,0,0,
638140285312884168,0.0002794,0.0002794,0.00027891,0.00027968,0.0002793,0.0002797,0,0,
638140285315109949,0.0002795,0.0002794,0.00027891,0.00027968,0.0002793,0.0002797,0,0,
638140285326966911,0.0002795,0.0002794,0.00027891,0.00027968,0.0002792,0.0002797,0,0,
638140285328146173,0.0002794,0.0002794,0.00027891,0.00027968,0.0002792,0.0002797,0,0,
638140285351063311,0.0002794,0.0002794,0.00027891,0.00027968,0.0002793,0.0002797,0,0,
638140285352849507,0.0002794,0.0002794,0.00027891,0.00027968,0.0002794,0.0002797,0,0,
638140285352851494,0.0002794,0.0002794,0.00027891,0.00027968,0.0002794,0.0002798,0,0,
638140285353785492,0.0002794,0.0002794,0.00027891,0.00027968,0.0002794,0.0002799,0,0,
638140285356747584,0.0002794,0.0002794,0.00027891,0.00027968,0.0002793,0.0002799,0,0,
638140285368930551,0.0002794,0.0002794,0.00027891,0.00027968,0.0002793,0.0002798,0,0,
638140285397889943,0.0002794,0.0002794,0.00027891,0.00027968,0.0002794,0.0002798,0,0,
638140285397890361,0.0002794,0.0002794,0.00027891,0.00027968,0.0002794,0.0002799,0,0,
638140285398843751,0.0002794,0.0002794,0.00027891,0.00027968,0.0002793,0.0002799,0,0,
638140285435972343,0.0002794,0.0002794,0.00027891,0.00027968,0.0002794,0.0002799,0,0,
638140285437876678,0.0002794,0.0002794,0.00027891,0.00027968,0.0002794,0.00028,0,0,
638140285438827116,0.0002794,0.0002794,0.00027891,0.00027968,0.0002795,0.00028,0,0,
638140285438829837,0.0002794,0.0002794,0.00027891,0.00027968,0.0002795,0.0002801,0,0,
638140285442891866,0.0002794,0.0002794,0.00027891,0.00027968,0.0002795,0.00028,0,0,
638140285461160956,0.0002794,0.0002794,0.00027891,0.00027968,0.0002795,0.0002799,0,0,
638140285462847867,0.0002794,0.0002794,0.00027891,0.00027968,0.0002795,0.00028,0,0,
638140285463790058,0.0002794,0.0002794,0.00027891,0.00027968,0.0002795,0.0002799,0,0,
638140285463790614,0.0002794,0.0002794,0.00027891,0.00027968,0.0002795,0.0002798,0,0,
638140285465749985,0.0002794,0.0002794,0.00027891,0.00027968,0.0002795,0.0002799,0,0,
638140285477847270,0.0002794,0.0002794,0.00027891,0.00027968,0.0002795,0.0002798,0,0,
638140285484879633,0.0002794,0.0002794,0.00027891,0.00027968,0.0002794,0.0002798,0,0,
638140285512812383,0.0002794,0.0002794,0.00027891,0.00027968,0.0002793,0.0002798,0,0,
638140285513741992,0.0002794,0.0002794,0.00027891,0.00027968,0.0002793,0.0002796,0,0,
638140285513742885,0.0002794,0.0002794,0.00027891,0.00027968,0.0002793,0.0002796,0,0,
638140285514844738,0.0002794,0.0002794,0.00027891,0.00027968,0.0002793,0.0002797,0,0,
638140285565776542,0.0002794,0.0002794,0.00027891,0.00027968,0.0002792,0.0002797,0,0,
638140285651762195,0.0002794,0.0002794,0.00027891,0.00027968,0.0002792,0.0002796,0,0,
638140285695854648,0.0002794,0.0002794,0.00027891,0.00027968,0.0002792,0.0002795,0,0,
638140285712851815,0.0002794,0.0002794,0.00027891,0.00027968,0.0002792,0.0002796,0,0,
638140285713768967,0.0002794,0.0002794,0.00027891,0.00027968,0.0002792,0.0002797,0,0,
638140285714901169,0.0002794,0.0002794,0.00027891,0.00027968,0.0002792,0.0002796,0,0,
638140285716967336,0.0002794,0.0002794,0.00027891,0.00027968,0.0002792,0.0002797,0,0,
638140285717859945,0.0002794,0.0002794,0.00027891,0.00027968,0.0002792,0.0002796,0,0,
638140285721803234,0.0002794,0.0002794,0.00027891,0.00027968,0.0002792,0.0002797,0,0,
638140285722753199,0.0002794,0.0002794,0.00027891,0.00027968,0.0002792,0.0002796,0,0,
638140285724802669,0.0002794,0.0002794,0.00027891,0.00027968,0.0002792,0.0002795,0,0,
638140285728847481,0.0002794,0.0002794,0.00027891,0.00027968,0.0002792,0.0002796,0,0,
638140285735870083,0.0002794,0.0002794,0.00027891,0.00027968,0.0002792,0.0002795,0,0,
638140285738899032,0.0002794,0.0002794,0.00027891,0.00027968,0.0002792,0.0002796,0,0,
638140285823924391,0.0002794,0.0002794,0.00027891,0.00027968,0.0002792,0.0002797,0,0,
638140285837978924,0.0002794,0.0002794,0.00027891,0.00027968,0.0002792,0.0002798,0,0,
638140285944893824,0.0002794,0.0002794,0.00027891,0.00027968,0.0002793,0.0002798,0,0,
638140285948793568,0.0002794,0.0002794,0.00027891,0.00027968,0.0002794,0.0002798,0,0,
638140285968795852,0.0002794,0.0002794,0.00027891,0.00027968,0.0002793,0.0002798,0,0,
638140285976892876,0.0002794,0.0002794,0.00027891,0.00027968,0.0002794,0.0002798,0,0,
638140286054851938,0.0002794,0.0002794,0.00027891,0.00027968,0.0002794,0.0002797,0,0,
638140286092832297,0.0002794,0.0002794,0.00027891,0.00027968,0.0002794,0.0002798,0,0,
638140286178879896,0.0002794,0.0002794,0.00027891,0.00027968,0.0002794,0.0002797,0,0,
638140286213900871,0.0002794,0.0002794,0.00027891,0.00027968,0.0002792,0.0002797,0,0,
638140286215957358,0.0002794,0.0002794,0.00027891,0.00027968,0.0002793,0.0002797,0,0,
638140286251842929,0.0002794,0.0002794,0.00027891,0.00027968,0.0002793,0.0002799,0,0,
638140286260815911,0.0002794,0.0002794,0.00027891,0.00027968,0.0002792,0.0002799,0,0,
638140286265807056,0.0002794,0.0002794,0.00027891,0.00027968,0.0002793,0.0002799,0,0,
638140286303960313,0.0002794,0.0002794,0.00027891,0.00027968,0.0002792,0.0002799,0,0,
638140286304888132,0.0002794,0.0002794,0.00027891,0.00027968,0.0002793,0.0002799,0,0,
638140286314853833,0.0002794,0.0002794,0.00027891,0.00027968,0.0002794,0.0002799,0,0,
638140286315797156,0.0002794,0.0002794,0.00027891,0.00027968,0.0002794,0.00028,0,0,
638140286403817233,0.0002794,0.0002794,0.00027891,0.00027968,0.0002795,0.00028,0,0,
638140286409949763,0.0002794,0.0002794,0.00027891,0.00027968,0.0002795,0.0002801,0,0,
638140286425884939,0.0002794,0.0002794,0.00027891,0.00027968,0.0002795,0.0002799,0,0,
638140286425885449,0.0002794,0.0002794,0.00027891,0.00027968,0.0002795,0.0002799,0,0,
638140286428914412,0.0002794,0.0002794,0.00027891,0.00027968,0.0002795,0.00028,0,0,
638140286431894646,0.0002794,0.0002794,0.00027891,0.00027968,0.0002796,0.00028,0,0,
638140286432813583,0.0002794,0.0002794,0.00027891,0.00027968,0.0002795,0.00028,0,0,
638140286492869968,0.0002794,0.0002794,0.00027891,0.00027968,0.0002794,0.00028,0,0,
638140286501858300,0.0002794,0.0002794,0.00027891,0.00027968,0.0002795,0.00028,0,0,
638140286544787182,0.0002794,0.0002794,0.00027891,0.00027968,0.0002794,0.00028,0,0,
638140286551864545,0.0002794,0.0002794,0.00027891,0.00027968,0.0002795,0.00028,0,0,
638140286566819108,0.0002794,0.0002794,0.00027891,0.00027968,0.0002795,0.0002799,0,0,
638140286587006271,0.0002794,0.0002794,0.00027891,0.00027968,0.0002795,0.0002801,0,0,
638140286614793913,0.0002794,0.0002794,0.00027891,0.00027968,0.0002795,0.00028,0,0,
638140286725951419,0.0002794,0.0002794,0.00027891,0.00027968,0.0002796,0.00028,0,0,
638140286726923642,0.0002794,0.0002794,0.00027891,0.00027968,0.0002795,0.00028,0,0,
638140286731822032,0.0002794,0.0002794,0.00027891,0.00027968,0.0002795,0.0002801,0,0,
638140286752040536,0.0002794,0.0002794,0.00027891,0.00027968,0.0002787,0.0002801,0,0,
638140286752041977,0.0002794,0.0002794,0.00027891,0.00027968,0.0002787,0.0002806,0,0,
638140286752042330,0.0002794,0.0002794,0.00027891,0.00027968,0.0002787,0.0002806,0,0,
638140286752043757,0.0002794,0.0002794,0.00027891,0.00027968,0.0002787,0.0002793,0,0,
638140286752044067,0.0002794,0.0002794,0.00027891,0.00027968,0.0002787,0.0002789,0,0,
638140286752044385,0.0002794,0.0002794,0.00027891,0.00027968,0.0002787,0.0002789,0,0,
638140286752044693,0.0002794,0.0002794,0.00027891,0.00027968,0.0002787,0.0002789,0,0,
638140286752044911,0.0002794,0.0002794,0.00027891,0.00027968,0.0002787,0.0002789,0,0,
638140286752045133,0.0002794,0.0002794,0.00027891,0.00027968,0.0002787,0.0002789,0,0,
638140286752045449,0.0002794,0.0002794,0.00027891,0.00027968,0.0002787,0.0002789,0,0,
638140286755805659,0.0002794,0.0002794,0.00027891,0.00027968,0.0002787,0.000279,0,0,
638140286756932601,0.0002794,0.0002794,0.00027891,0.00027968,0.0002787,0.0002792,0,0,
638140286758967882,0.0002794,0.0002794,0.00027891,0.00027968,0.0002789,0.0002792,0,0,
638140286758968291,0.0002794,0.0002794,0.00027891,0.00027968,0.0002789,0.0002792,0,0,
638140286766968144,0.0002794,0.0002794,0.00027891,0.00027968,0.0002789,0.0002791,0,0,
638140286768853460,0.0002794,0.0002794,0.00027891,0.00027968,0.0002789,0.0002792,0,0,
638140286769987970,0.0002794,0.0002794,0.00027891,0.00027968,0.0002789,0.0002791,0,0,
638140286778922820,0.0002794,0.0002794,0.00027891,0.00027968,0.0002789,0.0002792,0,0,
638140286799929529,0.0002794,0.0002794,0.00027891,0.00027968,0.000279,0.0002792,0,0,
638140286842943336,0.0002794,0.0002794,0.00027891,0.00027968,0.0002789,0.0002792,0,0,
638140286852849463,0.0002794,0.0002794,0.00027891,0.00027968,0.000279,0.0002792,0,0,
638140286858834288,0.0002794,0.0002794,0.00027891,0.00027968,0.0002791,0.0002792,0,0,
638140286900843525,0.0002794,0.0002794,0.00027891,0.00027968,0.0002791,0.0002795,0,0,
638140286902897427,0.0002794,0.0002794,0.00027891,0.00027968,0.000279,0.0002795,0,0,
638140286972874828,0.0002794,0.0002794,0.00027891,0.00027968,0.0002791,0.0002795,0,0,
638140286974899680,0.0002794,0.0002794,0.00027891,0.00027968,0.0002791,0.0002794,0,0,
638140287003841273,0.0002794,0.0002794,0.00027891,0.00027968,0.000279,0.0002794,0,0,
638140287019881719,0.0002794,0.0002794,0.00027891,0.00027968,0.000279,0.0002795,0,0,
638140287048372432,0.0002794,0.0002794,0.00027891,0.00027968,0.000279,0.0002793,0,0,
638140287049393301,0.0002794,0.0002794,0.00027891,0.00027968,0.000279,0.0002794,0,0,
638140287060987646,0.0002794,0.0002794,0.00027891,0.00027968,0.000279,0.0002795,0,0,
638140287061931557,0.0002794,0.0002794,0.00027891,0.00027968,0.0002792,0.0002795,0,0,
638140287128859630,0.0002794,0.0002794,0.00027891,0.00027968,0.0002792,0.0002796,0,0,
638140287150849583,0.0002794,0.0002794,0.00027891,0.00027968,0.0002791,0.0002796,0,0,
638140287152006096,0.0002794,0.0002794,0.00027891,0.00027968,0.000279,0.0002796,0,0,
638140287204511072,0.0002794,0.0002794,0.00027891,0.00027968,0.0002791,0.0002796,0,0,
638140287205096272,0.0002794,0.0002794,0.00027891,0.00027968,0.0002789,0.0002796,0,0,
638140287205096713,0.0002794,0.0002794,0.00027891,0.00027968,0.0002789,0.0002796,0,0,
638140287213876849,0.0002794,0.0002794,0.00027891,0.00027968,0.0002791,0.0002796,0,0,
638140287345882545,0.0002794,0.0002794,0.00027891,0.00027968,0.0002792,0.0002796,0,0,
638140287657959770,0.0002794,0.0002794,0.00027891,0.00027968,0.0002792,0.0002795,0,0,
638140287698955152,0.0002794,0.0002794,0.00027891,0.00027968,0.0002791,0.0002795,0,0,
638140287701015707,0.0002794,0.0002794,0.00027891,0.00027968,0.000279,0.0002795,0,0,
638140287718993381,0.0002794,0.0002794,0.00027891,0.00027968,0.000279,0.0002796,0,0,
638140287718993946,0.0002794,0.0002794,0.00027891,0.00027968,0.000279,0.0002796,0,0,
638140287732031825,0.0002794,0.0002794,0.00027891,0.00027968,0.0002791,0.0002796,0,0,
638140287733924661,0.0002794,0.0002794,0.00027891,0.00027968,0.0002791,0.0002797,0,0,
638140287756025779,0.0002794,0.0002794,0.00027891,0.00027968,0.000279,0.0002797,0,0,
638140287756026760,0.0002794,0.0002794,0.00027891,0.00027968,0.000279,0.0002797,0,0,
638140287758976232,0.0002794,0.0002794,0.00027891,0.00027968,0.000279,0.0002796,0,0,
638140287759892705,0.0002794,0.0002794,0.00027891,0.00027968,0.000279,0.0002795,0,0,
638140287784868157,0.0002794,0.0002794,0.00027891,0.00027968,0.000279,0.0002796,0,0,
638140287788050192,0.0002794,0.0002794,0.00027891,0.00027968,0.0002792,0.0002796,0,0,
638140287788050629,0.0002794,0.0002794,0.00027891,0.00027968,0.0002792,0.0002796,0,0,
638140287799094282,0.0002794,0.0002794,0.00027891,0.00027968,0.0002791,0.0002795,0,0,
638140287799094967,0.0002794,0.0002794,0.00027891,0.00027968,0.0002791,0.0002795,0,0,
638140287800022193,0.0002794,0.0002794,0.00027891,0.00027968,0.0002792,0.0002795,0,0,
638140287817908538,0.0002794,0.0002794,0.00027891,0.00027968,0.0002791,0.0002795,0,0,
638140287821944664,0.0002794,0.0002794,0.00027891,0.00027968,0.0002792,0.0002795,0,0,
638140287838038634,0.0002794,0.0002794,0.00027891,0.00027968,0.0002792,0.0002796,0,0,
638140287921905052,0.0002794,0.0002794,0.00027891,0.00027968,0.0002792,0.0002795,0,0,
638140287931888032,0.0002794,0.0002794,0.00027891,0.00027968,0.0002792,0.0002796,0,0,
638140287942978108,0.0002794,0.0002794,0.00027891,0.00027968,0.0002792,0.0002797,0,0,
638140287942984634,0.0002794,0.0002794,0.00027891,0.00027968,0.0002791,0.0002797,0,0,
638140287945957464,0.0002794,0.0002794,0.00027891,0.00027968,0.0002792,0.0002797,0,0,
638140287970909156,0.0002794,0.0002794,0.00027891,0.00027968,0.0002791,0.0002797,0,0,
638140287974864815,0.0002794,0.0002794,0.00027891,0.00027968,0.0002791,0.0002796,0,0,
638140287975998776,0.0002794,0.0002794,0.00027891,0.00027968,0.0002791,0.0002795,0,0,
638140287998000735,0.0002794,0.0002794,0.00027891,0.00027968,0.0002791,0.0002794,0,0,
638140288020032390,0.0002794,0.0002794,0.00027891,0.00027968,0.0002791,0.0002795,0,0,
638140288120067098,0.0002794,0.0002794,0.00027891,0.00027968,0.0002791,0.0002796,0,0,
638140288136103142,0.0002794,0.0002794,0.00027891,0.00027968,0.0002791,0.0002797,0,0,
638140288136103494,0.0002794,0.0002794,0.00027891,0.00027968,0.0002791,0.0002797,0,0,
638140288139893953,0.0002794,0.0002794,0.00027891,0.00027968,0.0002791,0.0002796,0,0,
638140288139895313,0.0002794,0.0002794,0.00027891,0.00027968,0.0002791,0.0002795,0,0,
638140288143951685,0.0002794,0.0002794,0.00027891,0.00027968,0.0002791,0.0002796,0,0,
638140288164972237,0.0002794,0.0002794,0.00027891,0.00027968,0.0002792,0.0002796,0,0,
638140288197071112,0.0002794,0.0002794,0.00027891,0.00027968,0.0002792,0.0002795,0,0,
638140288199091909,0.0002794,0.0002794,0.00027891,0.00027968,0.0002792,0.0002796,0,0,
638140288200965565,0.0002794,0.0002794,0.00027891,0.00027968,0.0002792,0.0002795,0,0,
638140288204090188,0.0002794,0.0002794,0.00027891,0.00027968,0.0002792,0.0002796,0,0,
638140288212944327,0.0002794,0.0002794,0.00027891,0.00027968,0.0002791,0.0002796,0,0,
638140288214977759,0.0002794,0.0002794,0.00027891,0.00027968,0.0002791,0.0002795,0,0,
638140288216088177,0.0002794,0.0002794,0.00027891,0.00027968,0.0002792,0.0002795,0,0,
638140288217006190,0.0002794,0.0002794,0.00027891,0.00027968,0.0002791,0.0002795,0,0,
638140288220131027,0.0002794,0.0002794,0.00027891,0.00027968,0.0002791,0.0002796,0,0,
638140288223067545,0.0002794,0.0002794,0.00027891,0.00027968,0.0002792,0.0002796,0,0,
638140288224000147,0.0002794,0.0002794,0.00027891,0.00027968,0.0002792,0.0002795,0,0,
638140288225101093,0.0002794,0.0002794,0.00027891,0.00027968,0.0002791,0.0002795,0,0,
638140288233997123,0.0002794,0.0002794,0.00027891,0.00027968,0.0002791,0.0002796,0,0,
638140288256928460,0.0002794,0.0002794,0.00027891,0.00027968,0.0002791,0.0002794,0,0,
638140288256928818,0.0002794,0.0002794,0.00027891,0.00027968,0.0002791,0.0002794,0,0,
638140288261068938,0.0002794,0.0002794,0.00027891,0.00027968,0.000279,0.0002794,0,0,
638140288264313587,0.0002794,0.0002794,0.00027891,0.00027968,0.0002789,0.0002794,0,0,
638140288265295440,0.0002794,0.0002794,0.00027891,0.00027958,0.0002789,0.0002794,0,0,
638140288271030127,0.0002794,0.0002794,0.00027891,0.00027958,0.0002789,0.0002793,0,0,
638140288272129314,0.0002794,0.0002794,0.00027891,0.00027958,0.0002789,0.0002792,0,0,
638140288274001078,0.0002794,0.0002794,0.00027891,0.00027958,0.0002789,0.0002793,0,0,
638140288274917835,0.0002794,0.0002794,0.00027891,0.00027958,0.0002789,0.0002792,0,0,
638140288286925216,0.0002794,0.0002794,0.00027891,0.00027958,0.0002789,0.0002793,0,0,
638140288319465633,0.0002794,0.0002794,0.00027891,0.00027938,0.0002789,0.0002793,0,0,
638140288319466113,0.0002794,0.0002794,0.00027891,0.00027938,0.0002789,0.0002793,0,0,
638140288325738755,0.0002794,0.0002794,0.00027891,0.00027956,0.0002789,0.0002793,0,0,
638140288337048761,0.0002794,0.0002794,0.00027891,0.00027956,0.000279,0.0002793,0,0,
638140288337979607,0.0002794,0.0002794,0.00027891,0.00027956,0.0002789,0.0002793,0,0,
638140288343127994,0.0002794,0.0002794,0.00027891,0.00027956,0.0002788,0.0002793,0,0,
638140288343907670,0.0002794,0.0002792,0.00027891,0.00027956,0.0002788,0.0002793,0,0,
638140288343908280,0.0002794,0.0002791,0.00027891,0.00027956,0.0002788,0.0002793,0,0,
638140288368080789,0.0002794,0.0002791,0.00027891,0.00027956,0.0002788,0.0002792,0,0,
638140288368977480,0.0002794,0.0002791,0.00027891,0.00027956,0.0002788,0.000279,0,0,
638140288371019100,0.0002794,0.0002791,0.00027891,0.00027956,0.0002788,0.0002791,0,0,
638140288407918633,0.0002794,0.000279,0.00027891,0.00027956,0.0002788,0.0002791,0,0,
638140288408127150,0.0002794,0.000279,0.00027891,0.00027938,0.0002788,0.0002791,0,0,
638140288408788221,0.0002794,0.0002791,0.00027891,0.00027938,0.0002788,0.0002791,0,0,
638140288416931487,0.0002794,0.0002791,0.00027891,0.00027938,0.0002788,0.0002792,0,0,
638140288430033646,0.0002794,0.0002791,0.00027891,0.00027938,0.0002788,0.0002793,0,0,
638140288438757234,0.0002794,0.0002792,0.00027891,0.00027938,0.0002788,0.0002793,0,0,
638140288438906189,0.0002794,0.0002792,0.00027891,0.00027938,0.0002788,0.0002794,0,0,
638140288440466817,0.0002794,0.0002792,0.00027891,0.00027958,0.0002788,0.0002794,0,0,
638140288446090214,0.0002794,0.0002792,0.00027891,0.00027958,0.0002789,0.0002794,0,0,
638140288447017312,0.0002794,0.0002792,0.00027891,0.00027958,0.000279,0.0002794,0,0,
638140288453063977,0.0002794,0.0002792,0.00027891,0.00027958,0.000279,0.0002796,0,0,
638140288453818689,0.0002794,0.0002793,0.00027891,0.00027958,0.000279,0.0002796,0,0,
638140288456197797,0.0002794,0.0002793,0.00027891,0.00027958,0.0002791,0.0002796,0,0,
638140288456924484,0.0002794,0.0002793,0.00027891,0.00027958,0.0002792,0.0002796,0,0,
638140288456927202,0.0002794,0.0002793,0.00027891,0.00027968,0.0002792,0.0002796,0,0,
638140288468936715,0.0002794,0.0002793,0.00027891,0.00027968,0.0002792,0.0002797,0,0,
638140288469858939,0.0002794,0.0002794,0.00027891,0.00027968,0.0002792,0.0002797,0,0,
638140288477316541,0.0002794,0.0002794,0.00027891,0.00027976,0.0002792,0.0002797,0,0,
638140288500072410,0.0002794,0.0002794,0.00027891,0.00027976,0.0002793,0.0002797,0,0,
638140288512038725,0.0002794,0.0002794,0.00027891,0.00027976,0.0002794,0.0002798,0,0,
638140288512039301,0.0002794,0.0002794,0.00027891,0.00027976,0.0002794,0.0002798,0,0,
638140288523865208,0.0002794,0.0002795,0.00027891,0.00027976,0.0002794,0.0002798,0,0,
638140288549247337,0.0002794,0.0002795,0.00027891,0.00027997,0.0002794,0.0002798,0,0,
638140288549866022,0.0002795,0.0002795,0.00027891,0.00027997,0.0002794,0.0002798,0,0,
638140288549869568,0.0002795,0.0002796,0.00027891,0.00027997,0.0002794,0.0002798,0,0,
638140288549874285,0.0002795,0.0002796,0.00027903,0.00027997,0.0002794,0.0002798,0,0,
638140288557960561,0.0002795,0.0002797,0.00027903,0.00027997,0.0002794,0.0002798,0,0,
638140288557961052,0.0002796,0.0002797,0.00027903,0.00027997,0.0002794,0.0002798,0,0,
638140288558259599,0.0002796,0.0002797,0.00027921,0.00027997,0.0002794,0.0002798,0,0,
638140288559078234,0.0002796,0.0002797,0.00027921,0.00027997,0.0002795,0.00028,0,0,
638140288559078927,0.0002796,0.0002797,0.00027921,0.00027997,0.0002795,0.00028,0,0,
638140288559079783,0.0002796,0.0002797,0.00027921,0.00027997,0.0002795,0.0002801,0,0,
638140288562162941,0.0002796,0.0002797,0.00027921,0.00027997,0.0002795,0.00028,0,0,
638140288567935562,0.0002796,0.0002797,0.00027921,0.00027997,0.0002795,0.0002801,0,0,
638140288573867888,0.0002797,0.0002797,0.00027921,0.00027997,0.0002795,0.0002801,0,0,
638140288573869065,0.0002797,0.0002798,0.00027921,0.00027997,0.0002795,0.0002801,0,0,
638140288575404428,0.0002797,0.0002798,0.00027921,0.00028005,0.0002795,0.0002801,0,0,
638140288588025178,0.0002797,0.0002798,0.00027921,0.00028005,0.0002795,0.0002802,0,0,
638140288589113459,0.0002797,0.0002798,0.00027921,0.00028005,0.0002796,0.0002802,0,0,
638140288592844865,0.0002797,0.0002799,0.00027921,0.00028005,0.0002796,0.0002802,0,0,
638140288595971378,0.0002797,0.0002798,0.00027921,0.00028005,0.0002796,0.0002802,0,0,
638140288596886659,0.0002797,0.0002799,0.00027921,0.00028005,0.0002796,0.0002802,0,0,
638140288604975411,0.0002798,0.0002799,0.00027921,0.00028005,0.0002796,0.0002802,0,0,
638140288606069079,0.0002798,0.0002799,0.00027925,0.00028005,0.0002796,0.0002802,0,0,
638140288606524425,0.0002798,0.0002799,0.00027941,0.00028005,0.0002796,0.0002802,0,0,
638140288609025206,0.0002798,0.0002799,0.00027941,0.00028005,0.0002797,0.0002802,0,0,
638140288614944967,0.0002798,0.0002799,0.00027941,0.00028005,0.0002796,0.0002802,0,0,
638140288618986707,0.0002798,0.0002799,0.00027941,0.00028005,0.0002797,0.0002802,0,0,
638140288661822461,0.0002798,0.00028,0.00027941,0.00028005,0.0002797,0.0002802,0,0,
638140288663999424,0.0002798,0.0002799,0.00027941,0.00028005,0.0002797,0.0002802,0,0,
638140288703998433,0.0002798,0.00028,0.00027941,0.00028005,0.0002797,0.0002802,0,0,
638140288706957936,0.0002798,0.0002799,0.00027941,0.00028005,0.0002797,0.0002802,0,0,
638140288708826783,0.0002798,0.00028,0.00027941,0.00028005,0.0002797,0.0002802,0,0,
638140288711940809,0.0002798,0.00028,0.00027941,0.00028005,0.0002793,0.0002802,0,0,
638140288713050948,0.0002798,0.00028,0.00027941,0.00028005,0.0002795,0.0002802,0,0,
638140288714877548,0.0002798,0.0002799,0.00027941,0.00028005,0.0002795,0.0002802,0,0,
638140288717994658,0.0002798,0.0002799,0.00027941,0.00028005,0.0002796,0.0002802,0,0,
638140288720967816,0.0002798,0.0002799,0.00027941,0.00028005,0.0002796,0.00028,0,0,
638140288720968208,0.0002798,0.0002799,0.00027941,0.00028005,0.0002796,0.00028,0,0,
638140288722047185,0.0002798,0.0002799,0.00027941,0.00028005,0.0002796,0.0002801,0,0,
638140288727017943,0.0002797,0.0002799,0.00027941,0.00028005,0.0002796,0.0002801,0,0,
638140288727018726,0.0002797,0.0002798,0.00027941,0.00028005,0.0002796,0.0002801,0,0,
638140288777935172,0.0002796,0.0002798,0.00027941,0.00028005,0.0002796,0.0002801,0,0,
638140288777938119,0.0002796,0.0002797,0.00027941,0.00028005,0.0002796,0.0002801,0,0,
638140288779302535,0.0002796,0.0002797,0.00027925,0.00028005,0.0002796,0.0002801,0,0,
638140288795068733,0.0002796,0.0002798,0.00027925,0.00028005,0.0002796,0.0002801,0,0,
638140288801014377,0.0002797,0.0002798,0.00027925,0.00028005,0.0002796,0.0002801,0,0,
638140288828194048,0.0002797,0.0002798,0.00027925,0.00028005,0.0002795,0.0002801,0,0,
638140288831166936,0.0002797,0.0002798,0.00027925,0.00028005,0.0002796,0.0002801,0,0,
638140288854072221,0.0002797,0.0002798,0.00027925,0.00028005,0.0002796,0.0002802,0,0,
638140288873940417,0.0002799,0.0002798,0.00027925,0.00028005,0.0002796,0.0002802,0,0,
638140288873941494,0.0002799,0.00028,0.00027925,0.00028005,0.0002796,0.0002802,0,0,
638140288873942144,0.0002799,0.00028,0.00027925,0.00028005,0.0002796,0.0002802,0,0,
638140288873942450,0.0002799,0.00028,0.00027925,0.00028005,0.0002796,0.0002802,0,0,
638140288874038374,0.0002799,0.00028,0.00027951,0.00028005,0.0002796,0.0002802,0,0,
638140288881085430,0.0002798,0.00028,0.00027951,0.00028005,0.0002796,0.0002802,0,0,
638140288896108482,0.0002798,0.00028,0.00027951,0.00028005,0.0002797,0.0002802,0,0,
638140288901067063,0.0002798,0.00028,0.00027951,0.00028005,0.0002798,0.0002802,0,0,
638140288903987149,0.0002799,0.00028,0.00027951,0.00028005,0.0002798,0.0002802,0,0,
638140288905102929,0.0002798,0.00028,0.00027951,0.00028005,0.0002798,0.0002802,0,0,
638140288905860347,0.0002798,0.0002799,0.00027951,0.00028005,0.0002798,0.0002802,0,0,
638140288911082126,0.0002798,0.00028,0.00027951,0.00028005,0.0002798,0.0002802,0,0,
638140288916816904,0.0002798,0.0002799,0.00027951,0.00028005,0.0002798,0.0002802,0,0,
638140288919854684,0.0002798,0.00028,0.00027951,0.00028005,0.0002798,0.0002802,0,0,
638140288921843967,0.0002798,0.0002799,0.00027951,0.00028005,0.0002798,0.0002802,0,0,
638140288922966206,0.0002798,0.00028,0.00027951,0.00028005,0.0002798,0.0002802,0,0,
638140288933950845,0.0002799,0.00028,0.00027951,0.00028005,0.0002798,0.0002802,0,0,
638140288935883726,0.0002798,0.00028,0.00027951,0.00028005,0.0002798,0.0002802,0,0,
638140288935885068,0.0002798,0.0002799,0.00027951,0.00028005,0.0002798,0.0002802,0,0,
638140288937864882,0.0002798,0.00028,0.00027951,0.00028005,0.0002798,0.0002802,0,0,
638140288943956496,0.0002798,0.0002799,0.00027951,0.00028005,0.0002798,0.0002802,0,0,
638140288948318952,0.0002798,0.0002799,0.00027933,0.00028005,0.0002798,0.0002802,0,0,
638140288948319648,0.0002798,0.0002799,0.00027933,0.00028005,0.0002798,0.0002802,0,0,
638140288970030033,0.0002798,0.0002799,0.00027933,0.00028005,0.0002795,0.0002802,0,0,
638140288970030797,0.0002798,0.0002799,0.00027933,0.00028005,0.0002795,0.0002802,0,0,
638140288975072207,0.0002798,0.0002799,0.00027933,0.00028005,0.0002796,0.0002802,0,0,
638140289035056085,0.0002798,0.0002799,0.00027933,0.00028005,0.0002795,0.0002802,0,0,
638140289041894171,0.0002798,0.00028,0.00027933,0.00028005,0.0002795,0.0002802,0,0,
638140289044167835,0.0002798,0.00028,0.00027933,0.00028005,0.0002796,0.0002802,0,0,
638140289045033511,0.0002798,0.00028,0.00027933,0.00028005,0.0002797,0.0002802,0,0,
638140289050037678,0.0002798,0.00028,0.00027933,0.00028005,0.0002796,0.0002802,0,0,
638140289050040179,0.0002798,0.0002799,0.00027933,0.00028005,0.0002796,0.0002802,0,0,
638140289118028513,0.0002798,0.0002799,0.00027933,0.00028005,0.0002795,0.0002802,0,0,
638140289121112927,0.0002798,0.0002799,0.00027933,0.00028005,0.0002793,0.0002802,0,0,
638140289121113385,0.0002798,0.0002799,0.00027933,0.00028005,0.0002793,0.0002802,0,0,
638140289122024249,0.0002797,0.0002798,0.00027933,0.00028005,0.0002793,0.0002802,0,0,
638140289122025362,0.0002797,0.0002798,0.00027933,0.00028005,0.0002793,0.0002802,0,0,
638140289122214705,0.0002797,0.0002798,0.00027933,0.00028005,0.0002793,0.00028,0,0,
638140289122215251,0.0002797,0.0002798,0.00027933,0.00028005,0.0002793,0.00028,0,0,
638140289123036227,0.0002797,0.0002798,0.00027933,0.00028005,0.0002794,0.00028,0,0,
638140289124063852,0.0002797,0.0002798,0.00027933,0.00028005,0.0002795,0.00028,0,0,
638140289147008761,0.0002797,0.0002798,0.00027933,0.00028005,0.0002794,0.00028,0,0,
638140289148010491,0.0002797,0.0002798,0.00027933,0.00028005,0.0002795,0.00028,0,0,
638140289150922261,0.0002797,0.0002798,0.00027933,0.00028005,0.0002794,0.00028,0,0,
638140289161000761,0.0002797,0.0002798,0.00027933,0.00028005,0.0002795,0.00028,0,0,
638140289163020509,0.0002797,0.0002798,0.00027933,0.00028005,0.0002796,0.00028,0,0,
638140289232046302,0.0002797,0.0002798,0.00027933,0.00028005,0.0002794,0.00028,0,0,
638140289232046649,0.0002797,0.0002798,0.00027933,0.00028005,0.0002794,0.00028,0,0,
638140289233082581,0.0002797,0.0002798,0.00027933,0.00028005,0.0002795,0.00028,0,0,
638140289234012281,0.0002797,0.0002798,0.00027933,0.00028005,0.0002794,0.00028,0,0,
638140289301043103,0.0002797,0.0002798,0.00027933,0.00028005,0.0002794,0.0002799,0,0,
638140289375072873,0.0002797,0.0002798,0.00027933,0.00028005,0.0002794,0.00028,0,0,
638140289376321096,0.0002797,0.0002798,0.00027933,0.00028005,0.0002794,0.0002799,0,0,
638140289378106455,0.0002797,0.0002798,0.00027933,0.00028005,0.0002794,0.00028,0,0,
638140289390079230,0.0002797,0.0002798,0.00027933,0.00028005,0.0002795,0.00028,0,0,
638140289450066876,0.0002797,0.0002798,0.00027933,0.00028005,0.0002796,0.00028,0,0,
638140289471190459,0.0002797,0.0002798,0.00027933,0.00028005,0.0002794,0.00028,0,0,
638140289473015448,0.0002797,0.0002798,0.00027933,0.00028005,0.0002795,0.00028,0,0,
638140289519095905,0.0002797,0.0002798,0.00027933,0.00028005,0.0002795,0.0002799,0,0,
638140289519339123,0.0002796,0.0002798,0.00027933,0.00028005,0.0002795,0.0002799,0,0,
638140289519348953,0.0002796,0.0002797,0.00027933,0.00028005,0.0002795,0.0002799,0,0,
638140289520282297,0.0002795,0.0002796,0.00027933,0.00028005,0.0002795,0.0002799,0,0,
638140289520283012,0.0002795,0.0002796,0.00027933,0.00028005,0.0002795,0.0002799,0,0,
638140289520590024,0.0002795,0.0002796,0.00027911,0.00028005,0.0002795,0.0002799,0,0,
638140289527027997,0.0002795,0.0002796,0.00027911,0.00028005,0.0002794,0.0002799,0,0,
638140289548051711,0.0002795,0.0002796,0.00027911,0.00028005,0.0002794,0.0002797,0,0,
638140289553999138,0.0002795,0.0002796,0.00027911,0.00028005,0.0002794,0.0002796,0,0,
638140289555105862,0.0002795,0.0002796,0.00027911,0.00028005,0.0002794,0.0002797,0,0,
638140289556029927,0.0002795,0.0002796,0.00027911,0.00028005,0.0002794,0.0002796,0,0,
638140289556965190,0.0002795,0.0002796,0.00027896,0.00028005,0.0002794,0.0002796,0,0,
638140289558116559,0.0002794,0.0002796,0.00027896,0.00028005,0.0002794,0.0002796,0,0,
638140289559147215,0.0002794,0.0002795,0.00027896,0.00028005,0.0002794,0.0002796,0,0,
638140289559457299,0.0002794,0.0002795,0.00027896,0.00027988,0.0002794,0.0002796,0,0,
638140289567185255,0.0002794,0.0002795,0.00027896,0.00027988,0.0002791,0.0002796,0,0,
638140289568133499,0.0002794,0.0002795,0.00027896,0.00027988,0.0002792,0.0002796,0,0,
638140289571057800,0.0002794,0.0002795,0.00027896,0.00027988,0.0002793,0.0002796,0,0,
638140289592102519,0.0002794,0.0002795,0.00027896,0.00027988,0.0002793,0.0002798,0,0,
638140289597091870,0.0002794,0.0002795,0.00027896,0.00027988,0.0002792,0.0002798,0,0,
638140289598038129,0.0002794,0.0002795,0.00027896,0.00027988,0.0002792,0.0002797,0,0,
638140289626250934,0.0002793,0.0002795,0.00027896,0.00027988,0.0002792,0.0002797,0,0,
638140289627251454,0.0002793,0.0002794,0.00027896,0.00027988,0.0002792,0.0002797,0,0,
638140289660099764,0.0002793,0.0002794,0.00027896,0.00027988,0.0002791,0.0002797,0,0,
638140289677022373,0.0002793,0.0002794,0.00027896,0.00027988,0.0002791,0.0002795,0,0,
638140289681068328,0.0002793,0.0002794,0.00027896,0.00027988,0.0002791,0.0002796,0,0,
638140289695231504,0.0002793,0.0002793,0.00027896,0.00027988,0.0002791,0.0002796,0,0,
638140289695238439,0.0002792,0.0002793,0.00027896,0.00027988,0.0002791,0.0002796,0,0,
638140289696476122,0.0002792,0.0002793,0.00027896,0.00027968,0.0002791,0.0002796,0,0,
638140289696476793,0.0002792,0.0002793,0.00027896,0.00027968,0.0002791,0.0002796,0,0,
638140289696477493,0.0002792,0.0002793,0.00027893,0.00027968,0.0002791,0.0002796,0,0,
638140289701623069,0.0002792,0.0002793,0.00027891,0.00027968,0.0002791,0.0002796,0,0,
638140289703245434,0.0002792,0.0002793,0.00027891,0.00027968,0.000279,0.0002796,0,0,
638140289761980112,0.0002792,0.0002793,0.00027891,0.00027968,0.000279,0.0002795,0,0,
638140289761980603,0.0002792,0.0002793,0.00027891,0.00027968,0.000279,0.0002795,0,0,
638140289761981115,0.0002792,0.0002793,0.00027891,0.00027968,0.000279,0.0002794,0,0,
638140289763105261,0.0002792,0.0002793,0.00027891,0.00027968,0.000279,0.0002796,0,0,
638140289769043094,0.0002792,0.0002793,0.00027891,0.00027968,0.0002792,0.0002796,0,0,
638140289769043575,0.0002792,0.0002793,0.00027891,0.00027968,0.0002792,0.0002796,0,0,
638140289769976915,0.0002792,0.0002793,0.00027891,0.00027968,0.0002791,0.0002796,0,0,
638140289792987400,0.0002792,0.0002793,0.00027891,0.00027968,0.000279,0.0002796,0,0,
638140289817091114,0.0002792,0.0002793,0.00027891,0.00027968,0.000279,0.0002795,0,0,
638140289909275663,0.0002791,0.0002793,0.00027891,0.00027968,0.000279,0.0002795,0,0,
638140289910229124,0.0002791,0.0002792,0.00027891,0.00027968,0.000279,0.0002795,0,0,
638140289967074963,0.0002791,0.0002792,0.00027891,0.00027968,0.0002791,0.0002795,0,0,
638140289968035136,0.0002791,0.0002792,0.00027891,0.00027968,0.000279,0.0002795,0,0,
638140289968978765,0.0002791,0.0002792,0.00027891,0.00027968,0.000279,0.0002794,0,0,
638140289968980169,0.0002791,0.0002792,0.00027891,0.00027968,0.000279,0.0002793,0,0,
638140289970087747,0.0002791,0.0002792,0.00027891,0.00027968,0.000279,0.0002794,0,0,
638140289983087452,0.0002791,0.0002792,0.00027891,0.00027968,0.0002791,0.0002795,0,0,
638140289983088027,0.0002791,0.0002792,0.00027891,0.00027968,0.0002791,0.0002795,0,0,
638140289990057400,0.0002791,0.0002792,0.00027891,0.00027968,0.000279,0.0002795,0,0,
638140289990057971,0.0002791,0.0002792,0.00027891,0.00027968,0.000279,0.0002794,0,0,
638140289991161398,0.0002791,0.0002792,0.00027891,0.00027968,0.0002791,0.0002794,0,0,
638140290002058379,0.0002791,0.0002792,0.00027891,0.00027968,0.000279,0.0002794,0,0,
638140290004093719,0.0002791,0.0002792,0.00027891,0.00027968,0.0002789,0.0002794,0,0,
638140290068083216,0.0002791,0.0002792,0.00027891,0.00027968,0.0002789,0.0002795,0,0,
638140290068422184,0.0002791,0.0002793,0.00027891,0.00027968,0.0002789,0.0002795,0,0,
638140290069610643,0.0002792,0.0002793,0.00027891,0.00027968,0.0002789,0.0002795,0,0,
638140290070124902,0.0002792,0.0002793,0.00027891,0.00027968,0.0002791,0.0002795,0,0,
638140290086969309,0.0002792,0.0002793,0.00027891,0.00027968,0.0002791,0.0002796,0,0,
638140290095093923,0.0002792,0.0002793,0.00027891,0.00027968,0.0002792,0.0002796,0,0,
638140290098138234,0.0002792,0.0002793,0.00027891,0.00027968,0.0002791,0.0002796,0,0,
638140290103056277,0.0002792,0.0002793,0.00027891,0.00027968,0.0002792,0.0002796,0,0,
638140290107998530,0.0002792,0.0002793,0.00027891,0.00027968,0.0002791,0.0002796,0,0,
638140290107999130,0.0002792,0.0002793,0.00027891,0.00027968,0.0002791,0.0002795,0,0,
638140290107999457,0.0002792,0.0002793,0.00027891,0.00027968,0.0002791,0.0002794,0,0,
638140290111135731,0.0002792,0.0002793,0.00027891,0.00027968,0.0002789,0.0002794,0,0,
638140290112138967,0.0002792,0.0002793,0.00027891,0.00027968,0.000279,0.0002794,0,0,
638140290112140101,0.0002792,0.0002793,0.00027891,0.00027968,0.0002791,0.0002794,0,0,
638140290115812163,0.0002791,0.0002793,0.00027891,0.00027968,0.0002791,0.0002794,0,0,
638140290117744610,0.0002792,0.0002793,0.00027891,0.00027968,0.0002791,0.0002794,0,0,
638140290118302724,0.0002792,0.0002793,0.00027891,0.00027968,0.0002791,0.0002795,0,0,
638140290122980408,0.0002792,0.0002793,0.00027891,0.00027968,0.000279,0.0002795,0,0,
638140290126418753,0.0002791,0.0002792,0.00027891,0.00027968,0.000279,0.0002795,0,0,
638140290126419483,0.0002791,0.0002792,0.00027891,0.00027968,0.000279,0.0002795,0,0,
638140290131195557,0.0002791,0.0002792,0.00027891,0.00027968,0.000279,0.0002796,0,0,
638140290131597505,0.0002792,0.0002792,0.00027891,0.00027968,0.000279,0.0002796,0,0,
638140290132026619,0.0002792,0.0002793,0.00027891,0.00027968,0.000279,0.0002796,0,0,
638140290143976210,0.0002792,0.0002793,0.00027891,0.00027968,0.0002791,0.0002796,0,0,
638140290145079796,0.0002792,0.0002793,0.00027891,0.00027968,0.0002792,0.0002796,0,0,
638140290145080266,0.0002792,0.0002793,0.00027891,0.00027968,0.0002792,0.0002796,0,0,
638140290146423949,0.0002792,0.0002793,0.00027891,0.00027968,0.000279,0.0002796,0,0,
638140290146486452,0.0002792,0.0002793,0.00027891,0.00027968,0.0002791,0.0002796,0,0,
638140290151021355,0.0002792,0.0002793,0.00027891,0.00027968,0.0002791,0.0002795,0,0,
638140290151474312,0.0002791,0.0002793,0.00027891,0.00027968,0.0002791,0.0002795,0,0,
638140290153042819,0.0002791,0.0002793,0.00027891,0.00027968,0.000279,0.0002795,0,0,
638140290162539368,0.0002791,0.0002792,0.00027891,0.00027968,0.000279,0.0002795,0,0,
638140290164321702,0.0002791,0.0002793,0.00027891,0.00027968,0.000279,0.0002795,0,0,
638140290225418982,0.0002791,0.0002792,0.00027891,0.00027968,0.000279,0.0002795,0,0,
638140290232338101,0.0002791,0.0002793,0.00027891,0.00027968,0.000279,0.0002795,0,0,
638140290256698403,0.0002792,0.0002793,0.00027891,0.00027968,0.000279,0.0002795,0,0,
638140290257474930,0.0002791,0.0002793,0.00027891,0.00027968,0.000279,0.0002795,0,0,
638140290258477083,0.0002791,0.0002792,0.00027891,0.00027968,0.000279,0.0002795,0,0,
638140290265363863,0.0002791,0.0002793,0.00027891,0.00027968,0.000279,0.0002795,0,0,
638140290283783422,0.0002792,0.0002793,0.00027891,0.00027968,0.000279,0.0002795,0,0,
638140290319801246,0.0002791,0.0002793,0.00027891,0.00027968,0.000279,0.0002795,0,0,
638140290320580216,0.0002792,0.0002793,0.00027891,0.00027968,0.000279,0.0002795,0,0,
638140290337139422,0.0002792,0.0002793,0.00027891,0.00027968,0.000279,0.0002797,0,0,
638140290338047928,0.0002792,0.0002793,0.00027891,0.00027968,0.000279,0.0002796,0,0,
638140290340092975,0.0002792,0.0002793,0.00027891,0.00027968,0.0002792,0.0002796,0,0,
638140290340093447,0.0002792,0.0002793,0.00027891,0.00027968,0.0002792,0.0002796,0,0,
638140290343163618,0.0002792,0.0002793,0.00027891,0.00027968,0.0002792,0.0002797,0,0,
638140290353031882,0.0002792,0.0002793,0.00027891,0.00027968,0.0002791,0.0002797,0,0,
638140290374110976,0.0002792,0.0002793,0.00027891,0.00027968,0.0002792,0.0002797,0,0,
638140290389195458,0.0002792,0.0002793,0.00027891,0.00027968,0.0002792,0.0002796,0,0,
638140290432060028,0.0002792,0.0002793,0.00027891,0.00027968,0.0002792,0.0002797,0,0,
638140290491092429,0.0002792,0.0002793,0.00027891,0.00027968,0.0002791,0.0002797,0,0,
638140290491094517,0.0002792,0.0002793,0.00027891,0.00027968,0.0002791,0.0002798,0,0,
638140290492024774,0.0002792,0.0002793,0.00027891,0.00027968,0.0002792,0.0002798,0,0,
638140290508081318,0.0002792,0.0002793,0.00027891,0.00027968,0.0002792,0.0002796,0,0,
638140290544093590,0.0002792,0.0002793,0.00027891,0.00027968,0.0002792,0.0002797,0,0,
638140290596081190,0.0002792,0.0002793,0.00027891,0.00027968,0.0002792,0.0002795,0,0,
638140290596081653,0.0002792,0.0002793,0.00027891,0.00027968,0.0002792,0.0002795,0,0,
638140290620010099,0.0002792,0.0002793,0.00027891,0.00027968,0.0002792,0.0002796,0,0,
638140290653119128,0.0002792,0.0002793,0.00027891,0.00027968,0.0002792,0.0002794,0,0,
638140290653119540,0.0002792,0.0002793,0.00027891,0.00027968,0.0002792,0.0002794,0,0,
638140290657028244,0.0002792,0.0002793,0.00027891,0.00027968,0.0002792,0.0002795,0,0,
638140290662061431,0.0002792,0.0002793,0.00027891,0.00027968,0.000279,0.0002795,0,0,
638140290662674119,0.0002791,0.0002792,0.00027891,0.00027968,0.000279,0.0002795,0,0,
638140290662674776,0.0002791,0.0002792,0.00027891,0.00027968,0.000279,0.0002795,0,0,
638140290664064095,0.0002791,0.0002792,0.00027891,0.00027968,0.000279,0.0002794,0,0,
638140290664980861,0.0002791,0.0002792,0.00027891,0.00027968,0.000279,0.0002793,0,0,
638140290671124501,0.0002791,0.0002792,0.00027891,0.00027968,0.0002788,0.0002793,0,0,
638140290671124955,0.0002791,0.0002792,0.00027891,0.00027968,0.0002788,0.0002793,0,0,
638140290672185894,0.0002791,0.0002792,0.00027891,0.00027968,0.0002789,0.0002793,0,0,
638140290673191060,0.0002791,0.0002792,0.00027891,0.00027968,0.0002789,0.0002794,0,0,
638140290688134155,0.0002791,0.0002792,0.00027891,0.00027968,0.0002789,0.0002795,0,0,
638140290706139697,0.0002791,0.0002792,0.00027891,0.00027968,0.0002789,0.0002794,0,0,
638140290744821755,0.000279,0.0002792,0.00027891,0.00027968,0.0002789,0.0002794,0,0,
638140290748740675,0.0002791,0.0002792,0.00027891,0.00027968,0.0002789,0.0002794,0,0,
638140290754120730,0.0002791,0.0002792,0.00027891,0.00027968,0.0002789,0.0002795,0,0,
638140290759064407,0.0002791,0.0002792,0.00027891,0.00027968,0.0002789,0.0002794,0,0,
638140290760171999,0.0002791,0.0002792,0.00027891,0.00027968,0.0002789,0.0002795,0,0,
638140290816099483,0.0002791,0.0002792,0.00027891,0.00027968,0.000279,0.0002795,0,0,
638140290826137746,0.0002791,0.0002792,0.00027891,0.00027968,0.0002789,0.0002795,0,0,
638140290914749403,0.000279,0.0002792,0.00027891,0.00027968,0.0002789,0.0002795,0,0,
638140290932703152,0.0002791,0.0002792,0.00027891,0.00027968,0.0002789,0.0002795,0,0,
638140290947752040,0.000279,0.0002792,0.00027891,0.00027968,0.0002789,0.0002795,0,0,
638140290981834482,0.000279,0.0002791,0.00027891,0.00027968,0.0002789,0.0002795,0,0,
638140290982148275,0.000279,0.0002791,0.00027891,0.00027968,0.0002789,0.0002794,0,0,
638140290982825750,0.000279,0.0002791,0.00027891,0.00027948,0.0002789,0.0002794,0,0,
638140290993826761,0.000279,0.0002792,0.00027891,0.00027948,0.0002789,0.0002794,0,0,
638140290994795422,0.000279,0.0002791,0.00027891,0.00027948,0.0002789,0.0002794,0,0,
638140291009755845,0.000279,0.0002792,0.00027891,0.00027948,0.0002789,0.0002794,0,0,
638140291010901179,0.000279,0.0002791,0.00027891,0.00027948,0.0002789,0.0002794,0,0,
638140291017114272,0.000279,0.0002791,0.00027891,0.00027948,0.0002789,0.0002792,0,0,
638140291017751849,0.000279,0.0002792,0.00027891,0.00027948,0.0002789,0.0002792,0,0,
638140291018202764,0.000279,0.0002792,0.00027891,0.00027948,0.0002789,0.0002794,0,0,
638140291033939115,0.000279,0.0002791,0.00027891,0.00027948,0.0002789,0.0002794,0,0,
638140291039758667,0.000279,0.0002792,0.00027891,0.00027948,0.0002789,0.0002794,0,0,
638140291044000567,0.0002791,0.0002792,0.00027891,0.00027948,0.0002789,0.0002794,0,0,
638140291059065525,0.000279,0.0002792,0.00027891,0.00027948,0.0002789,0.0002794,0,0,
638140291060236748,0.000279,0.0002791,0.00027891,0.00027948,0.0002789,0.0002794,0,0,
638140291108185276,0.000279,0.0002791,0.00027891,0.00027948,0.0002789,0.0002795,0,0,
638140291108799202,0.0002791,0.0002791,0.00027891,0.00027948,0.0002789,0.0002795,0,0,
638140291108802290,0.0002791,0.0002792,0.00027891,0.00027948,0.0002789,0.0002795,0,0,
638140291131059721,0.0002791,0.0002792,0.00027891,0.00027948,0.000279,0.0002795,0,0,
638140291131061098,0.0002791,0.0002792,0.00027891,0.00027948,0.0002791,0.0002795,0,0,
638140291131829301,0.0002792,0.0002792,0.00027891,0.00027948,0.0002791,0.0002795,0,0,
638140291131831057,0.0002792,0.0002793,0.00027891,0.00027948,0.0002791,0.0002795,0,0,
638140291160036322,0.0002791,0.0002793,0.00027891,0.00027948,0.0002791,0.0002795,0,0,
638140291196888609,0.0002792,0.0002793,0.00027891,0.00027948,0.0002791,0.0002795,0,0,
638140291199873420,0.0002791,0.0002793,0.00027891,0.00027948,0.0002791,0.0002795,0,0,
638140291207864250,0.0002792,0.0002793,0.00027891,0.00027948,0.0002791,0.0002795,0,0,
638140291210087803,0.0002792,0.0002793,0.00027891,0.00027948,0.0002791,0.0002793,0,0,
638140291210088259,0.0002792,0.0002793,0.00027891,0.00027948,0.0002791,0.0002793,0,0,
638140291211027597,0.0002792,0.0002793,0.00027891,0.00027948,0.0002791,0.0002795,0,0,
638140291217847545,0.0002791,0.0002793,0.00027891,0.00027948,0.0002791,0.0002795,0,0,
638140291254823812,0.0002792,0.0002793,0.00027891,0.00027948,0.0002791,0.0002795,0,0,
638140291261854980,0.0002791,0.0002793,0.00027891,0.00027948,0.0002791,0.0002795,0,0,
638140291271974187,0.0002791,0.0002793,0.00027891,0.00027948,0.000279,0.0002796,0,0,
638140291271975807,0.0002791,0.0002793,0.00027891,0.00027948,0.000279,0.0002796,0,0,
638140291273162030,0.0002791,0.0002792,0.00027891,0.00027948,0.000279,0.0002796,0,0,
638140291273293582,0.0002791,0.0002792,0.00027891,0.00027948,0.000279,0.0002794,0,0,
638140291273312234,0.0002791,0.0002793,0.00027891,0.00027948,0.000279,0.0002794,0,0,
638140291276175822,0.0002791,0.0002793,0.00027891,0.00027948,0.000279,0.0002795,0,0,
638140291279113434,0.0002791,0.0002793,0.00027891,0.00027948,0.0002791,0.0002795,0,0,
638140291411088904,0.0002791,0.0002793,0.00027891,0.00027948,0.0002791,0.0002793,0,0,
638140291412035262,0.0002791,0.0002793,0.00027891,0.00027948,0.0002791,0.0002795,0,0,
638140291426133639,0.0002791,0.0002793,0.00027891,0.00027948,0.000279,0.0002795,0,0,
638140291426135216,0.0002791,0.0002793,0.00027891,0.00027948,0.000279,0.0002796,0,0,
638140291427053327,0.0002791,0.0002793,0.00027891,0.00027948,0.0002791,0.0002796,0,0,
638140291504235626,0.0002791,0.0002793,0.00027891,0.00027948,0.0002791,0.0002795,0,0,
638140291604171350,0.0002791,0.0002793,0.00027891,0.00027948,0.0002791,0.0002796,0,0,
638140291604171764,0.0002791,0.0002793,0.00027891,0.00027948,0.0002791,0.0002793,0,0,
638140291604172087,0.0002791,0.0002793,0.00027891,0.00027948,0.0002791,0.0002793,0,0,
638140291605110936,0.0002791,0.0002793,0.00027891,0.00027948,0.0002791,0.0002795,0,0,
638140291625217107,0.0002791,0.0002793,0.00027891,0.00027948,0.0002791,0.0002794,0,0,
638140291690233998,0.0002791,0.0002793,0.00027891,0.00027948,0.000279,0.0002794,0,0,
638140291698206396,0.0002791,0.0002793,0.00027891,0.00027948,0.0002789,0.0002794,0,0,
638140291706050568,0.0002791,0.0002793,0.00027891,0.00027948,0.0002789,0.0002793,0,0,
638140291706052429,0.0002791,0.0002793,0.00027891,0.00027948,0.0002789,0.0002792,0,0,
638140291713133613,0.0002791,0.0002793,0.00027891,0.00027948,0.0002788,0.0002792,0,0,
638140291742112463,0.0002791,0.0002793,0.00027891,0.00027948,0.0002788,0.0002794,0,0,
638140291744170004,0.0002791,0.0002793,0.00027891,0.00027948,0.0002788,0.0002793,0,0,
638140291785219174,0.0002791,0.0002793,0.00027891,0.00027948,0.0002788,0.0002792,0,0,
638140291804141884,0.0002791,0.0002793,0.00027891,0.00027948,0.0002788,0.000279,0,0,
638140291804142419,0.0002791,0.0002793,0.00027891,0.00027948,0.0002788,0.000279,0,0,
638140291805064779,0.0002791,0.0002793,0.00027891,0.00027948,0.0002788,0.0002793,0,0,
