time,binanceXRPBTCbidMax,binanceXRPBTCsellMin,nicehashXRPBTCbidMax,nicehashXRPBTCsellMin,okxXRPBTCXRP-BTCbidMax,okxXRPBTCXRP-BTCsellMin,bitstampXRPBTCbidMax,bitstampXRPBTCsellMin,
638140282083979315,0,0,1.846E-05,0,0,0,0,0,
638140282085633207,0,0,1.846E-05,1.853E-05,0,0,0,0,
638140282126832479,0,0,1.846E-05,1.853E-05,1.848E-05,1.853E-05,0,0,
638140282126833433,0,0,1.846E-05,1.853E-05,1.848E-05,1.853E-05,0,0,
638140282126834235,0,0,1.846E-05,1.853E-05,1.848E-05,1.853E-05,0,0,
638140282126835045,0,0,1.846E-05,1.853E-05,1.848E-05,1.853E-05,0,0,
638140282133615678,0,0,1.846E-05,1.853E-05,1.85E-05,1.853E-05,0,0,
638140282144615278,0,0,1.846E-05,1.853E-05,1.849E-05,1.853E-05,0,0,
638140282155774733,0,0,1.846E-05,1.853E-05,1.849E-05,1.852E-05,0,0,
638140282162732215,0,0,1.846E-05,1.853E-05,1.85E-05,1.852E-05,0,0,
638140282170716843,0,0,1.846E-05,1.853E-05,1.849E-05,1.852E-05,0,0,
638140282192704432,0,0,1.846E-05,1.853E-05,1.85E-05,1.852E-05,0,0,
638140282197661781,0,0,1.846E-05,1.853E-05,1.85E-05,1.851E-05,0,0,
638140282200755783,0,0,1.846E-05,1.853E-05,1.85E-05,1.852E-05,0,0,
638140282255827043,0,1.851E-05,1.846E-05,1.853E-05,1.85E-05,1.852E-05,0,0,
638140282266011301,1.846E-05,1.851E-05,1.846E-05,1.853E-05,1.85E-05,1.852E-05,0,0,
638140282268822229,1.848E-05,1.851E-05,1.846E-05,1.853E-05,1.85E-05,1.852E-05,0,0,
638140282272775808,1.849E-05,1.851E-05,1.846E-05,1.853E-05,1.85E-05,1.852E-05,0,0,
638140282290808964,1.85E-05,1.851E-05,1.846E-05,1.853E-05,1.85E-05,1.852E-05,0,0,
638140282309812328,1.851E-05,1.851E-05,1.846E-05,1.853E-05,1.85E-05,1.852E-05,0,0,
638140282309813108,1.851E-05,1.852E-05,1.846E-05,1.853E-05,1.85E-05,1.852E-05,0,0,
638140282310873193,1.851E-05,1.852E-05,1.848E-05,1.853E-05,1.85E-05,1.852E-05,0,0,
638140282358878955,1.85E-05,1.852E-05,1.848E-05,1.853E-05,1.85E-05,1.852E-05,0,0,
638140282360003181,1.85E-05,1.851E-05,1.848E-05,1.853E-05,1.85E-05,1.852E-05,0,0,
638140282360787991,1.85E-05,1.851E-05,1.848E-05,1.853E-05,1.849E-05,1.852E-05,0,0,
638140282361768335,1.85E-05,1.851E-05,1.848E-05,1.853E-05,1.849E-05,1.851E-05,0,0,
638140282364751085,1.85E-05,1.851E-05,1.848E-05,1.853E-05,1.85E-05,1.851E-05,0,0,
638140282364846633,1.85E-05,1.851E-05,1.848E-05,1.853E-05,1.85E-05,1.852E-05,0,0,
638140282370831128,1.851E-05,1.851E-05,1.848E-05,1.853E-05,1.85E-05,1.852E-05,0,0,
638140282370938491,1.851E-05,1.852E-05,1.848E-05,1.853E-05,1.85E-05,1.852E-05,0,0,
638140282391903738,1.85E-05,1.852E-05,1.848E-05,1.853E-05,1.85E-05,1.852E-05,0,0,
638140282394093184,1.851E-05,1.852E-05,1.848E-05,1.853E-05,1.85E-05,1.852E-05,0,0,
638140282394850958,1.85E-05,1.852E-05,1.848E-05,1.853E-05,1.85E-05,1.852E-05,0,0,
638140282395783185,1.851E-05,1.852E-05,1.848E-05,1.853E-05,1.85E-05,1.852E-05,0,0,
638140282398768480,1.85E-05,1.852E-05,1.848E-05,1.853E-05,1.85E-05,1.852E-05,0,0,
638140282400789600,1.851E-05,1.852E-05,1.848E-05,1.853E-05,1.85E-05,1.852E-05,0,0,
638140282401888739,1.85E-05,1.852E-05,1.848E-05,1.853E-05,1.85E-05,1.852E-05,0,0,
638140282405810401,1.851E-05,1.852E-05,1.848E-05,1.853E-05,1.85E-05,1.852E-05,0,0,
638140282407858582,1.85E-05,1.852E-05,1.848E-05,1.853E-05,1.85E-05,1.852E-05,0,0,
638140282408801416,1.851E-05,1.852E-05,1.848E-05,1.853E-05,1.85E-05,1.852E-05,0,0,
638140282411064667,1.85E-05,1.852E-05,1.848E-05,1.853E-05,1.85E-05,1.852E-05,0,0,
638140282413054186,1.851E-05,1.852E-05,1.848E-05,1.853E-05,1.85E-05,1.852E-05,0,0,
638140282414799745,1.85E-05,1.852E-05,1.848E-05,1.853E-05,1.85E-05,1.852E-05,0,0,
638140282417837104,1.851E-05,1.852E-05,1.848E-05,1.853E-05,1.85E-05,1.852E-05,0,0,
638140282431801318,1.85E-05,1.852E-05,1.848E-05,1.853E-05,1.85E-05,1.852E-05,0,0,
638140282432801321,1.851E-05,1.852E-05,1.848E-05,1.853E-05,1.85E-05,1.852E-05,0,0,
638140282479691346,1.851E-05,1.852E-05,1.848E-05,1.853E-05,1.851E-05,1.852E-05,0,0,
638140282515509054,1.851E-05,1.852E-05,1.848E-05,1.855E-05,1.851E-05,1.852E-05,0,0,
638140282515921251,1.852E-05,1.852E-05,1.848E-05,1.855E-05,1.851E-05,1.852E-05,0,0,
638140282515922635,1.852E-05,1.853E-05,1.848E-05,1.855E-05,1.851E-05,1.852E-05,0,0,
638140282519743212,1.852E-05,1.853E-05,1.848E-05,1.855E-05,1.851E-05,1.853E-05,0,0,
638140282528701116,1.852E-05,1.853E-05,1.848E-05,1.855E-05,1.852E-05,1.853E-05,0,0,
638140282535768468,1.852E-05,1.853E-05,1.848E-05,1.855E-05,1.851E-05,1.853E-05,0,0,
638140282715642989,1.852E-05,1.853E-05,1.848E-05,1.855E-05,1.851E-05,1.852E-05,0,0,
638140282721903412,1.851E-05,1.852E-05,1.848E-05,1.855E-05,1.851E-05,1.852E-05,0,0,
638140282721904289,1.851E-05,1.852E-05,1.848E-05,1.855E-05,1.851E-05,1.852E-05,0,0,
638140282723020773,1.851E-05,1.853E-05,1.848E-05,1.855E-05,1.851E-05,1.852E-05,0,0,
638140282723781955,1.851E-05,1.853E-05,1.848E-05,1.855E-05,1.851E-05,1.853E-05,0,0,
638140282724080361,1.852E-05,1.853E-05,1.848E-05,1.855E-05,1.851E-05,1.853E-05,0,0,
638140282731777284,1.852E-05,1.853E-05,1.848E-05,1.855E-05,1.851E-05,1.852E-05,0,0,
638140282761078649,1.851E-05,1.852E-05,1.848E-05,1.855E-05,1.851E-05,1.852E-05,0,0,
638140282761079274,1.851E-05,1.852E-05,1.848E-05,1.855E-05,1.851E-05,1.852E-05,0,0,
638140282781681171,1.851E-05,1.852E-05,1.848E-05,1.855E-05,1.85E-05,1.852E-05,0,0,
638140282785804903,1.851E-05,1.852E-05,1.848E-05,1.855E-05,1.851E-05,1.852E-05,0,0,
638140282803736625,1.851E-05,1.852E-05,1.848E-05,1.855E-05,1.85E-05,1.852E-05,0,0,
638140282805785476,1.851E-05,1.852E-05,1.848E-05,1.855E-05,1.851E-05,1.852E-05,0,0,
638140282833792312,1.851E-05,1.852E-05,1.848E-05,1.855E-05,1.85E-05,1.852E-05,0,0,
638140282845750350,1.851E-05,1.852E-05,1.848E-05,1.855E-05,1.851E-05,1.852E-05,0,0,
638140282872760121,1.851E-05,1.852E-05,1.848E-05,1.855E-05,1.85E-05,1.852E-05,0,0,
638140283003808957,1.851E-05,1.852E-05,1.848E-05,1.855E-05,1.85E-05,1.851E-05,0,0,
638140283051830283,1.851E-05,1.852E-05,1.848E-05,1.855E-05,1.85E-05,1.852E-05,0,0,
638140283084709001,1.851E-05,1.852E-05,1.848E-05,1.855E-05,1.85E-05,1.851E-05,0,0,
638140283114880469,1.851E-05,1.852E-05,1.848E-05,1.855E-05,1.85E-05,1.852E-05,0,0,
638140283115507886,1.85E-05,1.852E-05,1.848E-05,1.855E-05,1.85E-05,1.852E-05,0,0,
638140283116270286,1.85E-05,1.851E-05,1.848E-05,1.855E-05,1.85E-05,1.852E-05,0,0,
638140283117648368,1.85E-05,1.851E-05,1.848E-05,1.853E-05,1.85E-05,1.852E-05,0,0,
638140283128674667,1.85E-05,1.851E-05,1.848E-05,1.853E-05,1.85E-05,1.851E-05,0,0,
638140283132778557,1.85E-05,1.851E-05,1.848E-05,1.853E-05,1.85E-05,1.852E-05,0,0,
638140283141834112,1.85E-05,1.851E-05,1.848E-05,1.853E-05,1.85E-05,1.851E-05,0,0,
638140283157701318,1.85E-05,1.851E-05,1.848E-05,1.853E-05,1.849E-05,1.851E-05,0,0,
638140283171772318,1.85E-05,1.851E-05,1.848E-05,1.853E-05,1.85E-05,1.851E-05,0,0,
638140283207723963,1.85E-05,1.851E-05,1.848E-05,1.853E-05,1.849E-05,1.851E-05,0,0,
638140283217192631,1.849E-05,1.85E-05,1.848E-05,1.853E-05,1.849E-05,1.851E-05,0,0,
638140283217193780,1.849E-05,1.85E-05,1.848E-05,1.853E-05,1.849E-05,1.851E-05,0,0,
638140283224398020,1.849E-05,1.851E-05,1.848E-05,1.853E-05,1.849E-05,1.851E-05,0,0,
638140283225332991,1.85E-05,1.851E-05,1.848E-05,1.853E-05,1.849E-05,1.851E-05,0,0,
638140283247899501,1.85E-05,1.851E-05,1.848E-05,1.853E-05,1.85E-05,1.851E-05,0,0,
638140283248556652,1.85E-05,1.852E-05,1.848E-05,1.853E-05,1.85E-05,1.851E-05,0,0,
638140283250417016,1.85E-05,1.851E-05,1.848E-05,1.853E-05,1.85E-05,1.851E-05,0,0,
638140283254391949,1.851E-05,1.851E-05,1.848E-05,1.853E-05,1.85E-05,1.851E-05,0,0,
638140283254437048,1.851E-05,1.852E-05,1.848E-05,1.853E-05,1.85E-05,1.851E-05,0,0,
638140283259851644,1.851E-05,1.852E-05,1.848E-05,1.853E-05,1.85E-05,1.852E-05,0,0,
638140283269800990,1.851E-05,1.852E-05,1.848E-05,1.853E-05,1.85E-05,1.851E-05,0,0,
638140283270295306,1.85E-05,1.852E-05,1.848E-05,1.853E-05,1.85E-05,1.851E-05,0,0,
638140283271343530,1.851E-05,1.852E-05,1.848E-05,1.853E-05,1.85E-05,1.851E-05,0,0,
638140283272306315,1.85E-05,1.852E-05,1.848E-05,1.853E-05,1.85E-05,1.851E-05,0,0,
638140283275276951,1.85E-05,1.851E-05,1.848E-05,1.853E-05,1.85E-05,1.851E-05,0,0,
638140283277284554,1.85E-05,1.852E-05,1.848E-05,1.853E-05,1.85E-05,1.851E-05,0,0,
638140283278360933,1.85E-05,1.851E-05,1.848E-05,1.853E-05,1.85E-05,1.851E-05,0,0,
638140283279301317,1.85E-05,1.852E-05,1.848E-05,1.853E-05,1.85E-05,1.851E-05,0,0,
638140283280248634,1.851E-05,1.852E-05,1.848E-05,1.853E-05,1.85E-05,1.851E-05,0,0,
638140283287292359,1.851E-05,1.851E-05,1.848E-05,1.853E-05,1.85E-05,1.851E-05,0,0,
638140283287293106,1.85E-05,1.851E-05,1.848E-05,1.853E-05,1.85E-05,1.851E-05,0,0,
638140283290265755,1.851E-05,1.851E-05,1.848E-05,1.853E-05,1.85E-05,1.851E-05,0,0,
638140283290268050,1.851E-05,1.852E-05,1.848E-05,1.853E-05,1.85E-05,1.851E-05,0,0,
638140283297817178,1.851E-05,1.852E-05,1.848E-05,1.853E-05,1.85E-05,1.852E-05,0,0,
638140283298737349,1.851E-05,1.852E-05,1.848E-05,1.853E-05,1.851E-05,1.852E-05,0,0,
638140283315807269,1.851E-05,1.852E-05,1.848E-05,1.853E-05,1.85E-05,1.852E-05,0,0,
638140283322752811,1.851E-05,1.852E-05,1.848E-05,1.853E-05,1.851E-05,1.852E-05,0,0,
638140283332851174,1.851E-05,1.852E-05,1.848E-05,1.853E-05,1.85E-05,1.852E-05,0,0,
638140283383293325,1.85E-05,1.852E-05,1.848E-05,1.853E-05,1.85E-05,1.852E-05,0,0,
638140283384407503,1.85E-05,1.851E-05,1.848E-05,1.853E-05,1.85E-05,1.852E-05,0,0,
638140283384816765,1.85E-05,1.851E-05,1.848E-05,1.853E-05,1.851E-05,1.852E-05,0,0,
638140283385788821,1.85E-05,1.851E-05,1.848E-05,1.853E-05,1.85E-05,1.852E-05,0,0,
638140283412707923,1.85E-05,1.851E-05,1.848E-05,1.853E-05,1.849E-05,1.852E-05,0,0,
638140283412710390,1.85E-05,1.851E-05,1.848E-05,1.853E-05,1.849E-05,1.851E-05,0,0,
638140283428775560,1.85E-05,1.851E-05,1.848E-05,1.853E-05,1.85E-05,1.851E-05,0,0,
638140283428777807,1.85E-05,1.851E-05,1.848E-05,1.853E-05,1.85E-05,1.852E-05,0,0,
638140283436789294,1.85E-05,1.851E-05,1.848E-05,1.853E-05,1.85E-05,1.851E-05,0,0,
638140283441706434,1.85E-05,1.851E-05,1.848E-05,1.853E-05,1.849E-05,1.851E-05,0,0,
638140283443726478,1.85E-05,1.851E-05,1.848E-05,1.853E-05,1.849E-05,1.852E-05,0,0,
638140283447808832,1.85E-05,1.851E-05,1.848E-05,1.853E-05,1.849E-05,1.851E-05,0,0,
638140283448914232,1.85E-05,1.851E-05,1.848E-05,1.853E-05,1.85E-05,1.851E-05,0,0,
638140283465764590,1.85E-05,1.851E-05,1.848E-05,1.853E-05,1.85E-05,1.852E-05,0,0,
638140283497798138,1.85E-05,1.851E-05,1.848E-05,1.853E-05,1.85E-05,1.851E-05,0,0,
638140283509860029,1.85E-05,1.851E-05,1.848E-05,1.853E-05,1.85E-05,1.852E-05,0,0,
638140283517829934,1.85E-05,1.851E-05,1.848E-05,1.853E-05,1.85E-05,1.851E-05,0,0,
638140283520871208,1.85E-05,1.851E-05,1.848E-05,1.853E-05,1.85E-05,1.852E-05,0,0,
638140283527804259,1.85E-05,1.851E-05,1.848E-05,1.853E-05,1.849E-05,1.852E-05,0,0,
638140283528734361,1.85E-05,1.851E-05,1.848E-05,1.853E-05,1.85E-05,1.852E-05,0,0,
638140283535846508,1.85E-05,1.851E-05,1.848E-05,1.853E-05,1.85E-05,1.851E-05,0,0,
638140283546761160,1.85E-05,1.851E-05,1.848E-05,1.853E-05,1.85E-05,1.852E-05,0,0,
638140283564697135,1.85E-05,1.851E-05,1.848E-05,1.853E-05,1.851E-05,1.852E-05,0,0,
638140283566743187,1.85E-05,1.851E-05,1.848E-05,1.853E-05,1.85E-05,1.852E-05,0,0,
638140283636816832,1.85E-05,1.851E-05,1.848E-05,1.853E-05,1.85E-05,1.851E-05,0,0,
638140283668813872,1.85E-05,1.851E-05,1.848E-05,1.853E-05,1.85E-05,1.852E-05,0,0,
638140283680853063,1.85E-05,1.851E-05,1.848E-05,1.853E-05,1.85E-05,1.851E-05,0,0,
638140283743721528,1.85E-05,1.851E-05,1.848E-05,1.853E-05,1.85E-05,1.852E-05,0,0,
638140283800512944,1.85E-05,1.852E-05,1.848E-05,1.853E-05,1.85E-05,1.852E-05,0,0,
638140283802560073,1.85E-05,1.851E-05,1.848E-05,1.853E-05,1.85E-05,1.852E-05,0,0,
638140283803554481,1.851E-05,1.851E-05,1.848E-05,1.853E-05,1.85E-05,1.852E-05,0,0,
638140283803555197,1.851E-05,1.852E-05,1.848E-05,1.853E-05,1.85E-05,1.852E-05,0,0,
638140283805799524,1.851E-05,1.852E-05,1.848E-05,1.853E-05,1.851E-05,1.852E-05,0,0,
638140283806821080,1.851E-05,1.852E-05,1.848E-05,1.853E-05,1.85E-05,1.852E-05,0,0,
638140283813754897,1.851E-05,1.852E-05,1.848E-05,1.853E-05,1.851E-05,1.852E-05,0,0,
638140283821721541,1.851E-05,1.852E-05,1.848E-05,1.853E-05,1.851E-05,1.853E-05,0,0,
638140283873702467,1.851E-05,1.852E-05,1.848E-05,1.853E-05,1.851E-05,1.852E-05,0,0,
638140283888730134,1.851E-05,1.852E-05,1.848E-05,1.853E-05,1.851E-05,1.853E-05,0,0,
638140284008791894,1.851E-05,1.852E-05,1.848E-05,1.853E-05,1.851E-05,1.852E-05,0,0,
638140284017777737,1.851E-05,1.852E-05,1.848E-05,1.853E-05,1.851E-05,1.853E-05,0,0,
638140284051840971,1.851E-05,1.852E-05,1.848E-05,1.853E-05,1.851E-05,1.852E-05,0,0,
638140284052777511,1.851E-05,1.852E-05,1.848E-05,1.853E-05,1.851E-05,1.853E-05,0,0,
638140284064802847,1.851E-05,1.852E-05,1.848E-05,1.853E-05,1.851E-05,1.852E-05,0,0,
638140284089801838,1.851E-05,1.852E-05,1.848E-05,1.853E-05,1.85E-05,1.852E-05,0,0,
638140284089803729,1.851E-05,1.852E-05,1.848E-05,1.853E-05,1.85E-05,1.853E-05,0,0,
638140284090791286,1.851E-05,1.852E-05,1.848E-05,1.853E-05,1.851E-05,1.853E-05,0,0,
638140284090793208,1.851E-05,1.852E-05,1.848E-05,1.853E-05,1.851E-05,1.852E-05,0,0,
638140284117937674,1.851E-05,1.852E-05,1.848E-05,1.853E-05,1.851E-05,1.853E-05,0,0,
638140284119248889,1.851E-05,1.852E-05,1.848E-05,1.853E-05,1.851E-05,1.852E-05,0,0,
638140284123927262,1.851E-05,1.852E-05,1.848E-05,1.853E-05,1.851E-05,1.853E-05,0,0,
638140284137165848,1.851E-05,1.852E-05,1.848E-05,1.853E-05,1.851E-05,1.852E-05,0,0,
638140284142089407,1.851E-05,1.852E-05,1.848E-05,1.853E-05,1.851E-05,1.853E-05,0,0,
638140284150828826,1.851E-05,1.852E-05,1.848E-05,1.853E-05,1.851E-05,1.852E-05,0,0,
638140284160868008,1.851E-05,1.852E-05,1.848E-05,1.853E-05,1.851E-05,1.853E-05,0,0,
638140284222696272,1.85E-05,1.852E-05,1.848E-05,1.853E-05,1.851E-05,1.853E-05,0,0,
638140284222883710,1.85E-05,1.852E-05,1.848E-05,1.853E-05,1.851E-05,1.852E-05,0,0,
638140284235684510,1.851E-05,1.852E-05,1.848E-05,1.853E-05,1.851E-05,1.852E-05,0,0,
638140284257788416,1.851E-05,1.852E-05,1.848E-05,1.853E-05,1.851E-05,1.853E-05,0,0,
638140284259811616,1.851E-05,1.852E-05,1.848E-05,1.853E-05,1.851E-05,1.852E-05,0,0,
638140284274907375,1.851E-05,1.852E-05,1.848E-05,1.853E-05,1.851E-05,1.853E-05,0,0,
638140284348790324,1.851E-05,1.852E-05,1.848E-05,1.853E-05,1.852E-05,1.853E-05,0,0,
638140284388791823,1.851E-05,1.852E-05,1.848E-05,1.853E-05,1.851E-05,1.853E-05,0,0,
638140284404695009,1.851E-05,1.852E-05,1.848E-05,1.855E-05,1.851E-05,1.853E-05,0,0,
638140284405773613,1.852E-05,1.852E-05,1.848E-05,1.855E-05,1.851E-05,1.853E-05,0,0,
638140284405774489,1.852E-05,1.853E-05,1.848E-05,1.855E-05,1.851E-05,1.853E-05,0,0,
638140284413945997,1.852E-05,1.853E-05,1.848E-05,1.855E-05,1.851E-05,1.854E-05,0,0,
638140284427907738,1.852E-05,1.853E-05,1.848E-05,1.855E-05,1.852E-05,1.854E-05,0,0,
638140284427911707,1.852E-05,1.853E-05,1.848E-05,1.855E-05,1.852E-05,1.853E-05,0,0,
638140284444031376,1.852E-05,1.853E-05,1.848E-05,1.855E-05,1.852E-05,1.854E-05,0,0,
638140284444973197,1.852E-05,1.853E-05,1.848E-05,1.855E-05,1.851E-05,1.854E-05,0,0,
638140284444975758,1.852E-05,1.853E-05,1.848E-05,1.855E-05,1.851E-05,1.853E-05,0,0,
638140284446921701,1.852E-05,1.853E-05,1.848E-05,1.855E-05,1.852E-05,1.853E-05,0,0,
638140284449857397,1.852E-05,1.853E-05,1.848E-05,1.855E-05,1.852E-05,1.854E-05,0,0,
638140284486924266,1.852E-05,1.853E-05,1.848E-05,1.855E-05,1.852E-05,1.853E-05,0,0,
638140284498977952,1.852E-05,1.853E-05,1.848E-05,1.855E-05,1.852E-05,1.854E-05,0,0,
638140284499985345,1.852E-05,1.853E-05,1.848E-05,1.855E-05,1.851E-05,1.854E-05,0,0,
638140284499987707,1.852E-05,1.853E-05,1.848E-05,1.855E-05,1.851E-05,1.853E-05,0,0,
638140284507055678,1.852E-05,1.853E-05,1.848E-05,1.855E-05,1.852E-05,1.853E-05,0,0,
638140284515096774,1.852E-05,1.853E-05,1.848E-05,1.855E-05,1.851E-05,1.853E-05,0,0,
638140284515098593,1.852E-05,1.853E-05,1.848E-05,1.855E-05,1.851E-05,1.854E-05,0,0,
638140284517013698,1.852E-05,1.853E-05,1.848E-05,1.855E-05,1.852E-05,1.854E-05,0,0,
638140284517017079,1.852E-05,1.853E-05,1.848E-05,1.855E-05,1.852E-05,1.853E-05,0,0,
638140284526897986,1.852E-05,1.853E-05,1.848E-05,1.855E-05,1.851E-05,1.853E-05,0,0,
638140284535914345,1.852E-05,1.853E-05,1.848E-05,1.855E-05,1.852E-05,1.853E-05,0,0,
638140284557873472,1.852E-05,1.853E-05,1.848E-05,1.855E-05,1.852E-05,1.854E-05,0,0,
638140284565917878,1.852E-05,1.853E-05,1.848E-05,1.855E-05,1.852E-05,1.853E-05,0,0,
638140284578972342,1.852E-05,1.853E-05,1.848E-05,1.855E-05,1.852E-05,1.854E-05,0,0,
638140284612967049,1.852E-05,1.853E-05,1.848E-05,1.855E-05,1.851E-05,1.854E-05,0,0,
638140284615951987,1.852E-05,1.853E-05,1.848E-05,1.855E-05,1.852E-05,1.853E-05,0,0,
638140284615952441,1.852E-05,1.853E-05,1.848E-05,1.855E-05,1.852E-05,1.853E-05,0,0,
638140284665875863,1.852E-05,1.853E-05,1.848E-05,1.855E-05,1.851E-05,1.853E-05,0,0,
638140284665878232,1.852E-05,1.853E-05,1.848E-05,1.855E-05,1.851E-05,1.854E-05,0,0,
638140284666806452,1.852E-05,1.853E-05,1.848E-05,1.855E-05,1.852E-05,1.854E-05,0,0,
638140284666809691,1.852E-05,1.853E-05,1.848E-05,1.855E-05,1.852E-05,1.853E-05,0,0,
638140284667810740,1.852E-05,1.853E-05,1.848E-05,1.855E-05,1.852E-05,1.854E-05,0,0,
638140284668870060,1.852E-05,1.853E-05,1.848E-05,1.855E-05,1.851E-05,1.854E-05,0,0,
638140284674975695,1.852E-05,1.853E-05,1.848E-05,1.855E-05,1.852E-05,1.854E-05,0,0,
638140284674977767,1.852E-05,1.853E-05,1.848E-05,1.855E-05,1.852E-05,1.853E-05,0,0,
638140284715987097,1.851E-05,1.853E-05,1.848E-05,1.855E-05,1.852E-05,1.853E-05,0,0,
638140284717122541,1.852E-05,1.853E-05,1.848E-05,1.855E-05,1.852E-05,1.853E-05,0,0,
638140284753889749,1.852E-05,1.853E-05,1.848E-05,1.855E-05,1.852E-05,1.854E-05,0,0,
638140284780047280,1.852E-05,1.854E-05,1.848E-05,1.855E-05,1.852E-05,1.854E-05,0,0,
638140284781001781,1.853E-05,1.854E-05,1.848E-05,1.855E-05,1.852E-05,1.854E-05,0,0,
638140284782062677,1.853E-05,1.854E-05,1.85E-05,1.855E-05,1.852E-05,1.854E-05,0,0,
638140284792837315,1.853E-05,1.854E-05,1.85E-05,1.855E-05,1.853E-05,1.854E-05,0,0,
638140284819829188,1.853E-05,1.854E-05,1.85E-05,1.855E-05,1.852E-05,1.854E-05,0,0,
638140285090114293,1.852E-05,1.854E-05,1.85E-05,1.855E-05,1.852E-05,1.854E-05,0,0,
638140285090116109,1.852E-05,1.853E-05,1.85E-05,1.855E-05,1.852E-05,1.854E-05,0,0,
638140285126849752,1.852E-05,1.853E-05,1.85E-05,1.855E-05,1.853E-05,1.854E-05,0,0,
638140285142191378,1.853E-05,1.854E-05,1.85E-05,1.855E-05,1.853E-05,1.854E-05,0,0,
638140285142191721,1.853E-05,1.854E-05,1.85E-05,1.855E-05,1.853E-05,1.854E-05,0,0,
638140285143936360,1.853E-05,1.854E-05,1.85E-05,1.855E-05,1.852E-05,1.854E-05,0,0,
638140285145824965,1.853E-05,1.854E-05,1.85E-05,1.855E-05,1.853E-05,1.854E-05,0,0,
638140285186790677,1.853E-05,1.854E-05,1.85E-05,1.855E-05,1.852E-05,1.854E-05,0,0,
638140285188924534,1.853E-05,1.854E-05,1.85E-05,1.855E-05,1.853E-05,1.854E-05,0,0,
638140285280883936,1.853E-05,1.854E-05,1.85E-05,1.855E-05,1.853E-05,1.855E-05,0,0,
638140285351072645,1.853E-05,1.854E-05,1.85E-05,1.855E-05,1.854E-05,1.855E-05,0,0,
638140285461158352,1.853E-05,1.854E-05,1.85E-05,1.855E-05,1.854E-05,1.854E-05,0,0,
638140285576945773,1.853E-05,1.854E-05,1.85E-05,1.855E-05,1.854E-05,1.853E-05,0,0,
638140285620799897,1.853E-05,1.854E-05,1.85E-05,1.855E-05,1.854E-05,1.854E-05,0,0,
638140285621911253,1.853E-05,1.854E-05,1.85E-05,1.855E-05,1.854E-05,1.853E-05,0,0,
638140285730974677,1.853E-05,1.854E-05,1.85E-05,1.855E-05,1.854E-05,1.854E-05,0,0,
638140285732878712,1.853E-05,1.854E-05,1.85E-05,1.855E-05,1.854E-05,1.853E-05,0,0,
638140285742951078,1.853E-05,1.854E-05,1.85E-05,1.855E-05,1.854E-05,1.854E-05,0,0,
638140285744864354,1.853E-05,1.854E-05,1.85E-05,1.855E-05,1.854E-05,1.853E-05,0,0,
638140285757945042,1.853E-05,1.854E-05,1.85E-05,1.855E-05,1.854E-05,1.852E-05,0,0,
638140285761906420,1.853E-05,1.854E-05,1.85E-05,1.855E-05,1.854E-05,1.853E-05,0,0,
638140285765803123,1.853E-05,1.854E-05,1.85E-05,1.855E-05,1.854E-05,1.852E-05,0,0,
638140285767841243,1.853E-05,1.854E-05,1.85E-05,1.855E-05,1.854E-05,1.853E-05,0,0,
638140285771858033,1.853E-05,1.854E-05,1.85E-05,1.855E-05,1.854E-05,1.852E-05,0,0,
638140285772904931,1.853E-05,1.854E-05,1.85E-05,1.855E-05,1.854E-05,1.853E-05,0,0,
638140285968938842,1.853E-05,1.854E-05,1.85E-05,1.855E-05,1.854E-05,1.854E-05,0,0,
638140285969887746,1.853E-05,1.854E-05,1.85E-05,1.855E-05,1.854E-05,1.853E-05,0,0,
638140286034935818,1.853E-05,1.854E-05,1.85E-05,1.855E-05,1.854E-05,1.854E-05,0,0,
638140286051906033,1.853E-05,1.854E-05,1.85E-05,1.855E-05,1.854E-05,1.855E-05,0,0,
638140286093044541,1.853E-05,1.854E-05,1.85E-05,1.855E-05,1.853E-05,1.855E-05,0,0,
638140286143198193,1.853E-05,1.854E-05,1.85E-05,1.855E-05,1.854E-05,1.855E-05,0,0,
638140286223876621,1.853E-05,1.854E-05,1.85E-05,1.855E-05,1.853E-05,1.855E-05,0,0,
638140286287918571,1.853E-05,1.854E-05,1.85E-05,1.855E-05,1.854E-05,1.855E-05,0,0,
638140286542916734,1.853E-05,1.854E-05,1.85E-05,1.855E-05,1.855E-05,1.855E-05,0,0,
638140286542920591,1.853E-05,1.854E-05,1.85E-05,1.855E-05,1.855E-05,1.857E-05,0,0,
638140286553881613,1.853E-05,1.854E-05,1.85E-05,1.855E-05,1.856E-05,1.857E-05,0,0,
638140286584001426,1.853E-05,1.854E-05,1.85E-05,1.855E-05,1.856E-05,1.858E-05,0,0,
638140286733843102,1.853E-05,1.854E-05,1.85E-05,1.855E-05,1.857E-05,1.858E-05,0,0,
638140286736994997,1.853E-05,1.854E-05,1.85E-05,1.855E-05,1.858E-05,1.858E-05,0,0,
638140286736997301,1.853E-05,1.854E-05,1.85E-05,1.855E-05,1.858E-05,1.859E-05,0,0,
638140286747946802,1.853E-05,1.854E-05,1.85E-05,1.855E-05,1.857E-05,1.859E-05,0,0,
638140286859942578,1.853E-05,1.854E-05,1.85E-05,1.855E-05,1.857E-05,1.858E-05,0,0,
638140286860892517,1.853E-05,1.854E-05,1.85E-05,1.855E-05,1.857E-05,1.859E-05,0,0,
638140286893006170,1.853E-05,1.854E-05,1.85E-05,1.855E-05,1.857E-05,1.858E-05,0,0,
638140286896920948,1.853E-05,1.854E-05,1.85E-05,1.855E-05,1.856E-05,1.858E-05,0,0,
638140286909966505,1.853E-05,1.854E-05,1.85E-05,1.855E-05,1.857E-05,1.858E-05,0,0,
638140286935916925,1.853E-05,1.854E-05,1.85E-05,1.855E-05,1.857E-05,1.859E-05,0,0,
638140286981941214,1.853E-05,1.854E-05,1.85E-05,1.855E-05,1.858E-05,1.859E-05,0,0,
638140286992021330,1.853E-05,1.854E-05,1.85E-05,1.855E-05,1.859E-05,1.86E-05,0,0,
638140286992021801,1.853E-05,1.854E-05,1.85E-05,1.855E-05,1.859E-05,1.86E-05,0,0,
638140287053090117,1.853E-05,1.854E-05,1.85E-05,1.855E-05,1.859E-05,1.861E-05,0,0,
638140287077959381,1.853E-05,1.854E-05,1.85E-05,1.855E-05,1.86E-05,1.861E-05,0,0,
638140287080915960,1.853E-05,1.854E-05,1.85E-05,1.855E-05,1.859E-05,1.861E-05,0,0,
638140287106894516,1.853E-05,1.854E-05,1.85E-05,1.855E-05,1.86E-05,1.861E-05,0,0,
638140287123988738,1.853E-05,1.854E-05,1.85E-05,1.855E-05,1.859E-05,1.861E-05,0,0,
638140287131839645,1.853E-05,1.854E-05,1.85E-05,1.855E-05,1.86E-05,1.861E-05,0,0,
638140287179963509,1.853E-05,1.854E-05,1.85E-05,1.855E-05,1.859E-05,1.861E-05,0,0,
638140287205062859,1.853E-05,1.854E-05,1.85E-05,1.855E-05,1.86E-05,1.861E-05,0,0,
638140287235979929,1.853E-05,1.854E-05,1.85E-05,1.855E-05,1.86E-05,1.862E-05,0,0,
638140287284958575,1.853E-05,1.854E-05,1.85E-05,1.855E-05,1.86E-05,1.861E-05,0,0,
638140287340022527,1.853E-05,1.854E-05,1.85E-05,1.855E-05,1.859E-05,1.861E-05,0,0,
638140287347008284,1.853E-05,1.854E-05,1.85E-05,1.855E-05,1.859E-05,1.862E-05,0,0,
638140287347960077,1.853E-05,1.854E-05,1.85E-05,1.855E-05,1.859E-05,1.861E-05,0,0,
638140287352960489,1.853E-05,1.854E-05,1.85E-05,1.855E-05,1.86E-05,1.861E-05,0,0,
638140287388966290,1.853E-05,1.854E-05,1.85E-05,1.855E-05,1.86E-05,1.862E-05,0,0,
638140287403979194,1.853E-05,1.854E-05,1.85E-05,1.855E-05,1.86E-05,1.861E-05,0,0,
638140287409966555,1.853E-05,1.854E-05,1.85E-05,1.855E-05,1.86E-05,1.862E-05,0,0,
638140287421925682,1.853E-05,1.854E-05,1.85E-05,1.855E-05,1.86E-05,1.861E-05,0,0,
638140287446001882,1.853E-05,1.854E-05,1.85E-05,1.855E-05,1.859E-05,1.861E-05,0,0,
638140287493052128,1.853E-05,1.854E-05,1.85E-05,1.855E-05,1.86E-05,1.861E-05,0,0,
638140287615979966,1.853E-05,1.854E-05,1.85E-05,1.855E-05,1.859E-05,1.861E-05,0,0,
638140287639905356,1.853E-05,1.854E-05,1.85E-05,1.855E-05,1.86E-05,1.861E-05,0,0,
638140287676052006,1.853E-05,1.854E-05,1.85E-05,1.855E-05,1.86E-05,1.862E-05,0,0,
638140287732992309,1.853E-05,1.854E-05,1.85E-05,1.855E-05,1.86E-05,1.861E-05,0,0,
638140287753928249,1.853E-05,1.854E-05,1.85E-05,1.855E-05,1.859E-05,1.861E-05,0,0,
638140287789945389,1.853E-05,1.854E-05,1.85E-05,1.855E-05,1.86E-05,1.861E-05,0,0,
638140287799021783,1.853E-05,1.854E-05,1.85E-05,1.855E-05,1.859E-05,1.861E-05,0,0,
638140287839011467,1.853E-05,1.854E-05,1.85E-05,1.855E-05,1.859E-05,1.86E-05,0,0,
638140287839933716,1.853E-05,1.854E-05,1.85E-05,1.855E-05,1.859E-05,1.861E-05,0,0,
638140287841999149,1.853E-05,1.854E-05,1.85E-05,1.855E-05,1.86E-05,1.861E-05,0,0,
638140287961933992,1.853E-05,1.854E-05,1.85E-05,1.855E-05,1.859E-05,1.861E-05,0,0,
638140287978045909,1.853E-05,1.854E-05,1.85E-05,1.855E-05,1.86E-05,1.861E-05,0,0,
638140287983988496,1.853E-05,1.854E-05,1.85E-05,1.855E-05,1.859E-05,1.861E-05,0,0,
638140288009950427,1.853E-05,1.854E-05,1.85E-05,1.855E-05,1.858E-05,1.861E-05,0,0,
638140288015949969,1.853E-05,1.854E-05,1.85E-05,1.855E-05,1.859E-05,1.861E-05,0,0,
638140288015953305,1.853E-05,1.854E-05,1.85E-05,1.855E-05,1.859E-05,1.86E-05,0,0,
638140288020019650,1.853E-05,1.854E-05,1.85E-05,1.855E-05,1.859E-05,1.861E-05,0,0,
638140288038050410,1.853E-05,1.854E-05,1.85E-05,1.855E-05,1.858E-05,1.86E-05,0,0,
638140288038050795,1.853E-05,1.854E-05,1.85E-05,1.855E-05,1.858E-05,1.86E-05,0,0,
638140288042942548,1.853E-05,1.854E-05,1.85E-05,1.855E-05,1.858E-05,1.861E-05,0,0,
638140288046915219,1.853E-05,1.854E-05,1.85E-05,1.855E-05,1.859E-05,1.861E-05,0,0,
638140288075994406,1.853E-05,1.854E-05,1.85E-05,1.855E-05,1.86E-05,1.861E-05,0,0,
638140288134986964,1.853E-05,1.854E-05,1.85E-05,1.855E-05,1.859E-05,1.861E-05,0,0,
638140288135961011,1.853E-05,1.854E-05,1.85E-05,1.855E-05,1.859E-05,1.86E-05,0,0,
638140288140063847,1.853E-05,1.854E-05,1.853E-05,1.855E-05,1.859E-05,1.86E-05,0,0,
638140288147105633,1.853E-05,1.854E-05,1.856E-05,1.855E-05,1.859E-05,1.86E-05,0,0,
638140288151034647,1.853E-05,1.854E-05,1.856E-05,1.855E-05,1.858E-05,1.86E-05,0,0,
638140288156006632,1.853E-05,1.854E-05,1.856E-05,1.855E-05,1.859E-05,1.86E-05,0,0,
638140288158042566,1.853E-05,1.854E-05,1.856E-05,1.855E-05,1.859E-05,1.861E-05,0,0,
638140288166085888,1.853E-05,1.854E-05,1.856E-05,1.855E-05,1.859E-05,1.86E-05,0,0,
638140288172172877,1.853E-05,1.854E-05,1.856E-05,1.855E-05,1.859E-05,1.861E-05,0,0,
638140288173999491,1.853E-05,1.854E-05,1.856E-05,1.855E-05,1.859E-05,1.86E-05,0,0,
638140288185122561,1.853E-05,1.854E-05,1.856E-05,1.855E-05,1.858E-05,1.86E-05,0,0,
638140288208127971,1.853E-05,1.854E-05,1.856E-05,1.855E-05,1.857E-05,1.86E-05,0,0,
638140288210152072,1.853E-05,1.854E-05,1.856E-05,1.855E-05,1.858E-05,1.86E-05,0,0,
638140288211086775,1.853E-05,1.854E-05,1.856E-05,1.855E-05,1.857E-05,1.86E-05,0,0,
638140288212329644,1.853E-05,1.854E-05,1.856E-05,1.855E-05,1.857E-05,1.859E-05,0,0,
638140288215139960,1.853E-05,1.854E-05,1.856E-05,1.855E-05,1.857E-05,1.86E-05,0,0,
638140288217158337,1.853E-05,1.854E-05,1.856E-05,1.855E-05,1.857E-05,1.859E-05,0,0,
638140288218097099,1.853E-05,1.854E-05,1.856E-05,1.855E-05,1.858E-05,1.859E-05,0,0,
638140288218098839,1.853E-05,1.854E-05,1.856E-05,1.855E-05,1.858E-05,1.86E-05,0,0,
638140288220131692,1.853E-05,1.854E-05,1.856E-05,1.855E-05,1.857E-05,1.86E-05,0,0,
638140288221368839,1.853E-05,1.854E-05,1.856E-05,1.855E-05,1.858E-05,1.86E-05,0,0,
638140288226026996,1.853E-05,1.854E-05,1.856E-05,1.855E-05,1.857E-05,1.859E-05,0,0,
638140288226028514,1.853E-05,1.854E-05,1.856E-05,1.855E-05,1.857E-05,1.859E-05,0,0,
638140288229150304,1.853E-05,1.854E-05,1.856E-05,1.855E-05,1.857E-05,1.86E-05,0,0,
638140288231039896,1.853E-05,1.854E-05,1.856E-05,1.855E-05,1.857E-05,1.859E-05,0,0,
638140288232137286,1.853E-05,1.854E-05,1.856E-05,1.855E-05,1.857E-05,1.86E-05,0,0,
638140288233210331,1.853E-05,1.854E-05,1.856E-05,1.855E-05,1.858E-05,1.86E-05,0,0,
638140288238048650,1.853E-05,1.854E-05,1.856E-05,1.855E-05,1.858E-05,1.859E-05,0,0,
638140288239127723,1.853E-05,1.854E-05,1.856E-05,1.855E-05,1.858E-05,1.86E-05,0,0,
638140288241146304,1.853E-05,1.854E-05,1.856E-05,1.855E-05,1.857E-05,1.86E-05,0,0,
638140288243003673,1.853E-05,1.854E-05,1.856E-05,1.855E-05,1.857E-05,1.859E-05,0,0,
638140288245057762,1.853E-05,1.854E-05,1.856E-05,1.855E-05,1.857E-05,1.86E-05,0,0,
638140288246430427,1.853E-05,1.854E-05,1.856E-05,1.855E-05,1.857E-05,1.859E-05,0,0,
638140288253135913,1.853E-05,1.854E-05,1.856E-05,1.855E-05,1.857E-05,1.86E-05,0,0,
638140288255707306,1.853E-05,1.854E-05,1.856E-05,1.855E-05,1.858E-05,1.86E-05,0,0,
638140288259252554,1.853E-05,1.854E-05,1.856E-05,1.855E-05,1.858E-05,1.859E-05,0,0,
638140288259262990,1.853E-05,1.854E-05,1.856E-05,1.855E-05,1.857E-05,1.859E-05,0,0,
638140288267148907,1.853E-05,1.854E-05,1.856E-05,1.855E-05,1.857E-05,1.858E-05,0,0,
638140288271028268,1.853E-05,1.854E-05,1.856E-05,1.855E-05,1.857E-05,1.859E-05,0,0,
638140288278666082,1.858E-05,1.854E-05,1.856E-05,1.855E-05,1.857E-05,1.859E-05,0,0,
638140288287707996,1.859E-05,1.854E-05,1.856E-05,1.855E-05,1.857E-05,1.859E-05,0,0,
638140288289098891,1.859E-05,1.854E-05,1.856E-05,1.855E-05,1.857E-05,1.86E-05,0,0,
638140288290202857,1.859E-05,1.854E-05,1.856E-05,1.855E-05,1.857E-05,1.859E-05,0,0,
638140288292077341,1.859E-05,1.854E-05,1.856E-05,1.855E-05,1.857E-05,1.86E-05,0,0,
638140288295008183,1.859E-05,1.854E-05,1.856E-05,1.855E-05,1.858E-05,1.859E-05,0,0,
638140288295009199,1.859E-05,1.854E-05,1.856E-05,1.855E-05,1.858E-05,1.859E-05,0,0,
638140288296088491,1.859E-05,1.854E-05,1.856E-05,1.855E-05,1.857E-05,1.859E-05,0,0,
638140288296716279,1.858E-05,1.854E-05,1.856E-05,1.855E-05,1.857E-05,1.859E-05,0,0,
638140288308647974,1.859E-05,1.854E-05,1.856E-05,1.855E-05,1.857E-05,1.859E-05,0,0,
638140288311736384,1.858E-05,1.854E-05,1.856E-05,1.855E-05,1.857E-05,1.859E-05,0,0,
638140288328730593,1.859E-05,1.854E-05,1.856E-05,1.855E-05,1.857E-05,1.859E-05,0,0,
638140288329722766,1.858E-05,1.854E-05,1.856E-05,1.855E-05,1.857E-05,1.859E-05,0,0,
638140288331756724,1.859E-05,1.854E-05,1.856E-05,1.855E-05,1.857E-05,1.859E-05,0,0,
638140288332067018,1.859E-05,1.854E-05,1.856E-05,1.855E-05,1.858E-05,1.859E-05,0,0,
638140288332067551,1.859E-05,1.854E-05,1.856E-05,1.855E-05,1.858E-05,1.86E-05,0,0,
638140288332779536,1.858E-05,1.854E-05,1.856E-05,1.855E-05,1.858E-05,1.86E-05,0,0,
638140288334097943,1.858E-05,1.854E-05,1.856E-05,1.855E-05,1.857E-05,1.86E-05,0,0,
638140288337200164,1.858E-05,1.854E-05,1.856E-05,1.855E-05,1.858E-05,1.86E-05,0,0,
638140288338139638,1.858E-05,1.854E-05,1.856E-05,1.855E-05,1.857E-05,1.86E-05,0,0,
638140288340168825,1.858E-05,1.854E-05,1.856E-05,1.855E-05,1.858E-05,1.86E-05,0,0,
638140288340638095,1.859E-05,1.854E-05,1.856E-05,1.855E-05,1.858E-05,1.86E-05,0,0,
638140288344994776,1.859E-05,1.854E-05,1.856E-05,1.855E-05,1.859E-05,1.86E-05,0,0,
638140288363059302,1.859E-05,1.854E-05,1.856E-05,1.855E-05,1.858E-05,1.86E-05,0,0,
638140288364760941,1.858E-05,1.854E-05,1.856E-05,1.855E-05,1.858E-05,1.86E-05,0,0,
638140288365704662,1.859E-05,1.854E-05,1.856E-05,1.855E-05,1.858E-05,1.86E-05,0,0,
638140288368835234,1.858E-05,1.854E-05,1.856E-05,1.855E-05,1.858E-05,1.86E-05,0,0,
638140288370544645,1.859E-05,1.854E-05,1.856E-05,1.855E-05,1.858E-05,1.86E-05,0,0,
638140288378086548,1.859E-05,1.854E-05,1.856E-05,1.855E-05,1.859E-05,1.86E-05,0,0,
638140288391304488,1.859E-05,1.854E-05,1.856E-05,1.855E-05,1.859E-05,1.861E-05,0,0,
638140288393189555,1.859E-05,1.854E-05,1.856E-05,1.855E-05,1.858E-05,1.861E-05,0,0,
638140288393191208,1.859E-05,1.854E-05,1.856E-05,1.855E-05,1.858E-05,1.86E-05,0,0,
638140288394098349,1.859E-05,1.854E-05,1.856E-05,1.855E-05,1.859E-05,1.86E-05,0,0,
638140288396116799,1.859E-05,1.854E-05,1.856E-05,1.855E-05,1.859E-05,1.861E-05,0,0,
638140288398117382,1.859E-05,1.854E-05,1.856E-05,1.855E-05,1.859E-05,1.86E-05,0,0,
638140288402944704,1.859E-05,1.854E-05,1.856E-05,1.855E-05,1.859E-05,1.861E-05,0,0,
638140288404024857,1.859E-05,1.854E-05,1.856E-05,1.855E-05,1.859E-05,1.86E-05,0,0,
638140288406065360,1.859E-05,1.854E-05,1.856E-05,1.855E-05,1.858E-05,1.86E-05,0,0,
638140288407023579,1.859E-05,1.854E-05,1.856E-05,1.855E-05,1.859E-05,1.86E-05,0,0,
638140288408077052,1.859E-05,1.854E-05,1.856E-05,1.855E-05,1.858E-05,1.86E-05,0,0,
638140288409945693,1.859E-05,1.854E-05,1.856E-05,1.855E-05,1.859E-05,1.86E-05,0,0,
638140288417154418,1.859E-05,1.854E-05,1.856E-05,1.855E-05,1.859E-05,1.861E-05,0,0,
638140288418017752,1.859E-05,1.854E-05,1.856E-05,1.855E-05,1.858E-05,1.861E-05,0,0,
638140288419107300,1.859E-05,1.854E-05,1.856E-05,1.855E-05,1.858E-05,1.86E-05,0,0,
638140288420082378,1.859E-05,1.854E-05,1.856E-05,1.855E-05,1.858E-05,1.861E-05,0,0,
638140288421034703,1.859E-05,1.854E-05,1.856E-05,1.855E-05,1.859E-05,1.86E-05,0,0,
638140288421035191,1.859E-05,1.854E-05,1.856E-05,1.855E-05,1.859E-05,1.86E-05,0,0,
638140288424101104,1.859E-05,1.854E-05,1.856E-05,1.855E-05,1.859E-05,1.861E-05,0,0,
638140288427064802,1.859E-05,1.854E-05,1.856E-05,1.855E-05,1.859E-05,1.86E-05,0,0,
638140288430018581,1.859E-05,1.854E-05,1.856E-05,1.855E-05,1.859E-05,1.861E-05,0,0,
638140288440162599,1.859E-05,1.854E-05,1.856E-05,1.855E-05,1.859E-05,1.86E-05,0,0,
638140288442006566,1.859E-05,1.854E-05,1.856E-05,1.855E-05,1.859E-05,1.861E-05,0,0,
638140288452724218,1.86E-05,1.854E-05,1.856E-05,1.855E-05,1.859E-05,1.861E-05,0,0,
638140288550954465,1.86E-05,1.854E-05,1.856E-05,1.855E-05,1.86E-05,1.861E-05,0,0,
638140288560289963,1.86E-05,1.854E-05,1.856E-05,1.855E-05,1.86E-05,1.862E-05,0,0,
638140288562156499,1.86E-05,1.854E-05,1.856E-05,1.855E-05,1.859E-05,1.862E-05,0,0,
638140288563084890,1.86E-05,1.854E-05,1.856E-05,1.855E-05,1.86E-05,1.862E-05,0,0,
638140288563087514,1.86E-05,1.854E-05,1.856E-05,1.855E-05,1.86E-05,1.861E-05,0,0,
638140288564188688,1.86E-05,1.854E-05,1.856E-05,1.855E-05,1.86E-05,1.862E-05,0,0,
638140288567778940,1.861E-05,1.854E-05,1.856E-05,1.855E-05,1.86E-05,1.862E-05,0,0,
638140288568085647,1.861E-05,1.854E-05,1.857E-05,1.855E-05,1.86E-05,1.862E-05,0,0,
638140288569677082,1.861E-05,1.854E-05,1.858E-05,1.855E-05,1.86E-05,1.862E-05,0,0,
638140288574783698,1.862E-05,1.854E-05,1.858E-05,1.855E-05,1.86E-05,1.862E-05,0,0,
638140288576968393,1.861E-05,1.854E-05,1.858E-05,1.855E-05,1.86E-05,1.862E-05,0,0,
638140288577168957,1.861E-05,1.854E-05,1.858E-05,1.855E-05,1.861E-05,1.862E-05,0,0,
638140288581037713,1.861E-05,1.854E-05,1.858E-05,1.855E-05,1.86E-05,1.862E-05,0,0,
638140288587099312,1.861E-05,1.854E-05,1.858E-05,1.855E-05,1.861E-05,1.862E-05,0,0,
638140288603127319,1.861E-05,1.854E-05,1.858E-05,1.855E-05,1.86E-05,1.862E-05,0,0,
638140288611057746,1.861E-05,1.854E-05,1.858E-05,1.855E-05,1.861E-05,1.862E-05,0,0,
638140288633816277,1.862E-05,1.854E-05,1.858E-05,1.855E-05,1.861E-05,1.862E-05,0,0,
638140288663816186,1.861E-05,1.854E-05,1.858E-05,1.855E-05,1.861E-05,1.862E-05,0,0,
638140288670037914,1.861E-05,1.854E-05,1.858E-05,1.855E-05,1.86E-05,1.862E-05,0,0,
638140288670976484,1.861E-05,1.854E-05,1.858E-05,1.855E-05,1.861E-05,1.862E-05,0,0,
638140288676789839,1.862E-05,1.854E-05,1.858E-05,1.855E-05,1.861E-05,1.862E-05,0,0,
638140288679860480,1.861E-05,1.854E-05,1.858E-05,1.855E-05,1.861E-05,1.862E-05,0,0,
638140288680037383,1.861E-05,1.854E-05,1.858E-05,1.855E-05,1.86E-05,1.862E-05,0,0,
638140288732054682,1.86E-05,1.854E-05,1.858E-05,1.855E-05,1.86E-05,1.862E-05,0,0,
638140288732794445,1.861E-05,1.854E-05,1.858E-05,1.855E-05,1.86E-05,1.862E-05,0,0,
638140288733897376,1.859E-05,1.854E-05,1.858E-05,1.855E-05,1.86E-05,1.862E-05,0,0,
638140288733897938,1.859E-05,1.854E-05,1.858E-05,1.855E-05,1.86E-05,1.862E-05,0,0,
638140288734347880,1.859E-05,1.854E-05,1.856E-05,1.855E-05,1.86E-05,1.862E-05,0,0,
638140288734967509,1.86E-05,1.854E-05,1.856E-05,1.855E-05,1.86E-05,1.862E-05,0,0,
638140288743088991,1.86E-05,1.854E-05,1.856E-05,1.855E-05,1.859E-05,1.862E-05,0,0,
638140288744015680,1.86E-05,1.854E-05,1.856E-05,1.855E-05,1.859E-05,1.861E-05,0,0,
638140288745107459,1.86E-05,1.854E-05,1.856E-05,1.855E-05,1.86E-05,1.862E-05,0,0,
638140288745107996,1.86E-05,1.854E-05,1.856E-05,1.855E-05,1.86E-05,1.862E-05,0,0,
638140288748856313,1.859E-05,1.854E-05,1.856E-05,1.855E-05,1.86E-05,1.862E-05,0,0,
638140288749852170,1.86E-05,1.854E-05,1.856E-05,1.855E-05,1.86E-05,1.862E-05,0,0,
638140288759279174,1.86E-05,1.854E-05,1.856E-05,1.855E-05,1.859E-05,1.862E-05,0,0,
638140288759282235,1.86E-05,1.854E-05,1.856E-05,1.855E-05,1.859E-05,1.861E-05,0,0,
638140288761298741,1.86E-05,1.854E-05,1.856E-05,1.855E-05,1.859E-05,1.862E-05,0,0,
638140288762132933,1.86E-05,1.854E-05,1.856E-05,1.855E-05,1.859E-05,1.861E-05,0,0,
638140288768026290,1.86E-05,1.854E-05,1.856E-05,1.855E-05,1.859E-05,1.862E-05,0,0,
638140288769084981,1.86E-05,1.854E-05,1.856E-05,1.855E-05,1.859E-05,1.861E-05,0,0,
638140288774986542,1.86E-05,1.854E-05,1.856E-05,1.855E-05,1.859E-05,1.862E-05,0,0,
638140288776115821,1.86E-05,1.854E-05,1.856E-05,1.855E-05,1.859E-05,1.861E-05,0,0,
638140288790275723,1.86E-05,1.854E-05,1.857E-05,1.855E-05,1.859E-05,1.861E-05,0,0,
638140288816984362,1.86E-05,1.854E-05,1.858E-05,1.855E-05,1.859E-05,1.861E-05,0,0,
638140288816990067,1.861E-05,1.854E-05,1.858E-05,1.855E-05,1.859E-05,1.861E-05,0,0,
638140288819009296,1.861E-05,1.854E-05,1.858E-05,1.855E-05,1.86E-05,1.862E-05,0,0,
638140288819009805,1.861E-05,1.854E-05,1.858E-05,1.855E-05,1.86E-05,1.862E-05,0,0,
638140288903070148,1.861E-05,1.854E-05,1.858E-05,1.855E-05,1.861E-05,1.862E-05,0,0,
638140289000848242,1.86E-05,1.854E-05,1.858E-05,1.855E-05,1.861E-05,1.862E-05,0,0,
638140289104234041,1.86E-05,1.854E-05,1.858E-05,1.855E-05,1.859E-05,1.861E-05,0,0,
638140289104236468,1.86E-05,1.854E-05,1.858E-05,1.855E-05,1.859E-05,1.861E-05,0,0,
638140289154075089,1.86E-05,1.854E-05,1.856E-05,1.855E-05,1.859E-05,1.861E-05,0,0,
638140289154075557,1.86E-05,1.854E-05,1.856E-05,1.855E-05,1.859E-05,1.861E-05,0,0,
638140289182967997,1.859E-05,1.854E-05,1.856E-05,1.855E-05,1.859E-05,1.861E-05,0,0,
638140289183109333,1.859E-05,1.854E-05,1.856E-05,1.855E-05,1.858E-05,1.861E-05,0,0,
638140289248147983,1.859E-05,1.854E-05,1.856E-05,1.855E-05,1.858E-05,1.86E-05,0,0,
638140289253004843,1.859E-05,1.854E-05,1.856E-05,1.855E-05,1.858E-05,1.861E-05,0,0,
638140289255175292,1.859E-05,1.854E-05,1.856E-05,1.855E-05,1.858E-05,1.86E-05,0,0,
638140289281093023,1.858E-05,1.854E-05,1.856E-05,1.855E-05,1.858E-05,1.86E-05,0,0,
638140289282365844,1.858E-05,1.854E-05,1.856E-05,1.855E-05,1.857E-05,1.86E-05,0,0,
638140289321054833,1.859E-05,1.854E-05,1.856E-05,1.855E-05,1.857E-05,1.86E-05,0,0,
638140289321256467,1.859E-05,1.854E-05,1.856E-05,1.855E-05,1.858E-05,1.86E-05,0,0,
638140289333022705,1.859E-05,1.854E-05,1.856E-05,1.855E-05,1.859E-05,1.86E-05,0,0,
638140289339081803,1.859E-05,1.854E-05,1.856E-05,1.855E-05,1.859E-05,1.861E-05,0,0,
638140289340988383,1.859E-05,1.854E-05,1.856E-05,1.855E-05,1.858E-05,1.861E-05,0,0,
638140289364133845,1.859E-05,1.854E-05,1.856E-05,1.855E-05,1.858E-05,1.86E-05,0,0,
638140289374097450,1.859E-05,1.854E-05,1.856E-05,1.855E-05,1.858E-05,1.861E-05,0,0,
638140289378294280,1.859E-05,1.854E-05,1.856E-05,1.855E-05,1.859E-05,1.861E-05,0,0,
638140289379109238,1.859E-05,1.854E-05,1.856E-05,1.855E-05,1.858E-05,1.861E-05,0,0,
638140289380309009,1.859E-05,1.854E-05,1.856E-05,1.855E-05,1.859E-05,1.861E-05,0,0,
638140289382194000,1.859E-05,1.854E-05,1.856E-05,1.855E-05,1.858E-05,1.861E-05,0,0,
638140289383153517,1.859E-05,1.854E-05,1.856E-05,1.855E-05,1.859E-05,1.861E-05,0,0,
638140289387440915,1.859E-05,1.854E-05,1.856E-05,1.855E-05,1.858E-05,1.861E-05,0,0,
638140289421180637,1.86E-05,1.854E-05,1.856E-05,1.855E-05,1.858E-05,1.861E-05,0,0,
638140289422054219,1.859E-05,1.854E-05,1.856E-05,1.855E-05,1.858E-05,1.861E-05,0,0,
638140289422206100,1.859E-05,1.854E-05,1.856E-05,1.855E-05,1.859E-05,1.861E-05,0,0,
638140289433189728,1.86E-05,1.854E-05,1.856E-05,1.855E-05,1.859E-05,1.861E-05,0,0,
638140289487192794,1.859E-05,1.854E-05,1.856E-05,1.855E-05,1.859E-05,1.861E-05,0,0,
638140289496097494,1.859E-05,1.854E-05,1.856E-05,1.855E-05,1.858E-05,1.861E-05,0,0,
638140289497073099,1.859E-05,1.854E-05,1.856E-05,1.855E-05,1.858E-05,1.86E-05,0,0,
638140289532216926,1.859E-05,1.854E-05,1.856E-05,1.855E-05,1.858E-05,1.861E-05,0,0,
638140289534276059,1.859E-05,1.854E-05,1.856E-05,1.855E-05,1.858E-05,1.86E-05,0,0,
638140289535185691,1.859E-05,1.854E-05,1.856E-05,1.855E-05,1.858E-05,1.861E-05,0,0,
638140289536112542,1.859E-05,1.854E-05,1.856E-05,1.855E-05,1.858E-05,1.86E-05,0,0,
638140289537067083,1.859E-05,1.854E-05,1.856E-05,1.855E-05,1.858E-05,1.861E-05,0,0,
638140289539200770,1.859E-05,1.854E-05,1.856E-05,1.855E-05,1.858E-05,1.86E-05,0,0,
638140289592229722,1.859E-05,1.854E-05,1.856E-05,1.855E-05,1.858E-05,1.861E-05,0,0,
638140289593055966,1.859E-05,1.854E-05,1.856E-05,1.855E-05,1.858E-05,1.86E-05,0,0,
638140289632210267,1.859E-05,1.854E-05,1.856E-05,1.855E-05,1.858E-05,1.861E-05,0,0,
638140289634080332,1.859E-05,1.854E-05,1.856E-05,1.855E-05,1.858E-05,1.86E-05,0,0,
638140289659125525,1.859E-05,1.854E-05,1.856E-05,1.855E-05,1.858E-05,1.861E-05,0,0,
638140289660084342,1.859E-05,1.854E-05,1.856E-05,1.855E-05,1.858E-05,1.86E-05,0,0,
638140289791268210,1.858E-05,1.854E-05,1.856E-05,1.855E-05,1.858E-05,1.86E-05,0,0,
638140289794408947,1.859E-05,1.854E-05,1.856E-05,1.855E-05,1.858E-05,1.86E-05,0,0,
638140289806118329,1.859E-05,1.854E-05,1.856E-05,1.855E-05,1.858E-05,1.861E-05,0,0,
638140289807020354,1.859E-05,1.854E-05,1.856E-05,1.855E-05,1.858E-05,1.86E-05,0,0,
638140289818332259,1.858E-05,1.854E-05,1.856E-05,1.855E-05,1.858E-05,1.86E-05,0,0,
638140289855251093,1.859E-05,1.854E-05,1.856E-05,1.855E-05,1.858E-05,1.86E-05,0,0,
638140289859339726,1.858E-05,1.854E-05,1.856E-05,1.855E-05,1.858E-05,1.86E-05,0,0,
638140289930031395,1.858E-05,1.854E-05,1.856E-05,1.855E-05,1.857E-05,1.86E-05,0,0,
638140289937146932,1.858E-05,1.854E-05,1.856E-05,1.855E-05,1.857E-05,1.859E-05,0,0,
638140289945125223,1.858E-05,1.854E-05,1.856E-05,1.855E-05,1.857E-05,1.86E-05,0,0,
638140289965195795,1.858E-05,1.854E-05,1.856E-05,1.855E-05,1.858E-05,1.86E-05,0,0,
638140289973092299,1.858E-05,1.854E-05,1.856E-05,1.855E-05,1.857E-05,1.86E-05,0,0,
638140289988165599,1.858E-05,1.854E-05,1.856E-05,1.855E-05,1.858E-05,1.86E-05,0,0,
638140290007201028,1.858E-05,1.854E-05,1.856E-05,1.855E-05,1.857E-05,1.86E-05,0,0,
638140290018069725,1.858E-05,1.854E-05,1.856E-05,1.855E-05,1.858E-05,1.86E-05,0,0,
638140290030033528,1.858E-05,1.854E-05,1.856E-05,1.855E-05,1.857E-05,1.86E-05,0,0,
638140290033023865,1.858E-05,1.854E-05,1.856E-05,1.855E-05,1.857E-05,1.859E-05,0,0,
638140290044121716,1.858E-05,1.854E-05,1.856E-05,1.855E-05,1.857E-05,1.86E-05,0,0,
638140290045132988,1.858E-05,1.854E-05,1.856E-05,1.855E-05,1.857E-05,1.859E-05,0,0,
638140290065274196,1.858E-05,1.854E-05,1.854E-05,1.855E-05,1.857E-05,1.859E-05,0,0,
638140290066491026,1.859E-05,1.854E-05,1.854E-05,1.855E-05,1.857E-05,1.859E-05,0,0,
638140290068372657,1.859E-05,1.854E-05,1.855E-05,1.855E-05,1.857E-05,1.859E-05,0,0,
638140290069191519,1.859E-05,1.854E-05,1.855E-05,1.855E-05,1.858E-05,1.859E-05,0,0,
638140290069609664,1.859E-05,1.854E-05,1.856E-05,1.855E-05,1.858E-05,1.859E-05,0,0,
638140290079000578,1.859E-05,1.854E-05,1.856E-05,1.855E-05,1.857E-05,1.859E-05,0,0,
638140290085150666,1.859E-05,1.854E-05,1.856E-05,1.855E-05,1.857E-05,1.86E-05,0,0,
638140290086337168,1.858E-05,1.854E-05,1.856E-05,1.855E-05,1.857E-05,1.86E-05,0,0,
638140290104129510,1.858E-05,1.854E-05,1.856E-05,1.855E-05,1.858E-05,1.86E-05,0,0,
638140290115196676,1.858E-05,1.854E-05,1.856E-05,1.855E-05,1.857E-05,1.86E-05,0,0,
638140290115995028,1.858E-05,1.854E-05,1.855E-05,1.855E-05,1.857E-05,1.86E-05,0,0,
638140290130159448,1.858E-05,1.854E-05,1.855E-05,1.855E-05,1.857E-05,1.859E-05,0,0,
638140290163075341,1.858E-05,1.854E-05,1.855E-05,1.855E-05,1.858E-05,1.859E-05,0,0,
638140290165095858,1.858E-05,1.854E-05,1.855E-05,1.855E-05,1.857E-05,1.859E-05,0,0,
638140290198019991,1.858E-05,1.854E-05,1.855E-05,1.855E-05,1.858E-05,1.859E-05,0,0,
638140290208072462,1.858E-05,1.854E-05,1.855E-05,1.855E-05,1.857E-05,1.859E-05,0,0,
638140290211406246,1.857E-05,1.854E-05,1.855E-05,1.855E-05,1.857E-05,1.859E-05,0,0,
638140290213138771,1.857E-05,1.854E-05,1.855E-05,1.855E-05,1.856E-05,1.859E-05,0,0,
638140290218134024,1.857E-05,1.854E-05,1.855E-05,1.855E-05,1.857E-05,1.859E-05,0,0,
638140290335663973,1.858E-05,1.854E-05,1.855E-05,1.855E-05,1.857E-05,1.859E-05,0,0,
638140290397093326,1.858E-05,1.854E-05,1.855E-05,1.855E-05,1.858E-05,1.859E-05,0,0,
638140290407128412,1.858E-05,1.854E-05,1.855E-05,1.855E-05,1.857E-05,1.859E-05,0,0,
638140290415150194,1.858E-05,1.854E-05,1.855E-05,1.855E-05,1.858E-05,1.859E-05,0,0,
638140290417179000,1.858E-05,1.854E-05,1.855E-05,1.855E-05,1.857E-05,1.859E-05,0,0,
638140290437117481,1.858E-05,1.854E-05,1.855E-05,1.855E-05,1.858E-05,1.859E-05,0,0,
638140290454151416,1.858E-05,1.854E-05,1.855E-05,1.855E-05,1.857E-05,1.859E-05,0,0,
638140290523761972,1.857E-05,1.854E-05,1.855E-05,1.855E-05,1.857E-05,1.859E-05,0,0,
638140290525043388,1.857E-05,1.854E-05,1.855E-05,1.855E-05,1.856E-05,1.859E-05,0,0,
638140290539061139,1.857E-05,1.854E-05,1.855E-05,1.855E-05,1.857E-05,1.859E-05,0,0,
638140290559144363,1.857E-05,1.854E-05,1.855E-05,1.855E-05,1.856E-05,1.859E-05,0,0,
638140290562128178,1.857E-05,1.854E-05,1.855E-05,1.855E-05,1.856E-05,1.858E-05,0,0,
638140290607575053,1.856E-05,1.854E-05,1.855E-05,1.855E-05,1.856E-05,1.858E-05,0,0,
638140290687181402,1.856E-05,1.854E-05,1.855E-05,1.855E-05,1.856E-05,1.857E-05,0,0,
638140290691102984,1.856E-05,1.854E-05,1.855E-05,1.855E-05,1.856E-05,1.858E-05,0,0,
638140290708302068,1.856E-05,1.854E-05,1.854E-05,1.855E-05,1.856E-05,1.858E-05,0,0,
638140290763124456,1.856E-05,1.854E-05,1.854E-05,1.855E-05,1.856E-05,1.857E-05,0,0,
638140290836716390,1.855E-05,1.854E-05,1.854E-05,1.855E-05,1.856E-05,1.857E-05,0,0,
638140290836802828,1.855E-05,1.854E-05,1.853E-05,1.855E-05,1.856E-05,1.857E-05,0,0,
638140290981090519,1.855E-05,1.854E-05,1.853E-05,1.855E-05,1.855E-05,1.857E-05,0,0,
638140291006127108,1.855E-05,1.854E-05,1.853E-05,1.855E-05,1.855E-05,1.856E-05,0,0,
638140291011190262,1.855E-05,1.854E-05,1.853E-05,1.855E-05,1.854E-05,1.856E-05,0,0,
638140291032784559,1.854E-05,1.854E-05,1.853E-05,1.855E-05,1.854E-05,1.856E-05,0,0,
638140291035192190,1.854E-05,1.854E-05,1.853E-05,1.855E-05,1.854E-05,1.855E-05,0,0,
638140291036139688,1.854E-05,1.854E-05,1.853E-05,1.855E-05,1.854E-05,1.856E-05,0,0,
638140291039792591,1.854E-05,1.854E-05,1.852E-05,1.855E-05,1.854E-05,1.856E-05,0,0,
638140291046178212,1.854E-05,1.854E-05,1.852E-05,1.855E-05,1.854E-05,1.855E-05,0,0,
638140291052091840,1.854E-05,1.854E-05,1.852E-05,1.855E-05,1.854E-05,1.856E-05,0,0,
638140291059453554,1.854E-05,1.854E-05,1.852E-05,1.855E-05,1.854E-05,1.855E-05,0,0,
638140291060232737,1.854E-05,1.854E-05,1.852E-05,1.855E-05,1.854E-05,1.856E-05,0,0,
638140291063028277,1.854E-05,1.854E-05,1.852E-05,1.855E-05,1.854E-05,1.855E-05,0,0,
638140291065055454,1.854E-05,1.854E-05,1.852E-05,1.855E-05,1.854E-05,1.856E-05,0,0,
638140291262178636,1.854E-05,1.854E-05,1.852E-05,1.855E-05,1.854E-05,1.855E-05,0,0,
638140291264109535,1.854E-05,1.854E-05,1.852E-05,1.855E-05,1.854E-05,1.856E-05,0,0,
638140291273120636,1.854E-05,1.854E-05,1.852E-05,1.855E-05,1.853E-05,1.856E-05,0,0,
638140291273124064,1.854E-05,1.854E-05,1.852E-05,1.855E-05,1.853E-05,1.855E-05,0,0,
638140291273349250,1.854E-05,1.854E-05,1.852E-05,1.855E-05,1.854E-05,1.855E-05,0,0,
638140291274484820,1.854E-05,1.854E-05,1.852E-05,1.855E-05,1.854E-05,1.856E-05,0,0,
638140291312121573,1.854E-05,1.854E-05,1.852E-05,1.855E-05,1.854E-05,1.855E-05,0,0,
638140291314165647,1.854E-05,1.854E-05,1.852E-05,1.855E-05,1.854E-05,1.856E-05,0,0,
638140291338341321,1.854E-05,1.854E-05,1.852E-05,1.855E-05,1.854E-05,1.855E-05,0,0,
638140291391153666,1.854E-05,1.854E-05,1.852E-05,1.855E-05,1.854E-05,1.856E-05,0,0,
638140291426111302,1.854E-05,1.854E-05,1.852E-05,1.855E-05,1.853E-05,1.856E-05,0,0,
638140291429245606,1.854E-05,1.854E-05,1.852E-05,1.855E-05,1.854E-05,1.856E-05,0,0,
638140291447059924,1.854E-05,1.854E-05,1.852E-05,1.855E-05,1.854E-05,1.855E-05,0,0,
638140291450047196,1.854E-05,1.854E-05,1.852E-05,1.855E-05,1.854E-05,1.856E-05,0,0,
638140291488237120,1.854E-05,1.854E-05,1.852E-05,1.855E-05,1.854E-05,1.855E-05,0,0,
638140291505112933,1.854E-05,1.854E-05,1.852E-05,1.855E-05,1.854E-05,1.856E-05,0,0,
638140291583250395,1.854E-05,1.854E-05,1.852E-05,1.855E-05,1.854E-05,1.855E-05,0,0,
638140291584197053,1.854E-05,1.854E-05,1.852E-05,1.855E-05,1.854E-05,1.856E-05,0,0,
638140291624065696,1.854E-05,1.854E-05,1.852E-05,1.855E-05,1.854E-05,1.855E-05,0,0,
638140291631131434,1.854E-05,1.854E-05,1.852E-05,1.855E-05,1.854E-05,1.856E-05,0,0,
638140291653086712,1.854E-05,1.854E-05,1.852E-05,1.855E-05,1.854E-05,1.855E-05,0,0,
638140291654184910,1.854E-05,1.854E-05,1.852E-05,1.855E-05,1.854E-05,1.856E-05,0,0,
638140291664145274,1.854E-05,1.854E-05,1.852E-05,1.855E-05,1.854E-05,1.855E-05,0,0,
638140291680107773,1.854E-05,1.854E-05,1.852E-05,1.855E-05,1.854E-05,1.856E-05,0,0,
638140291700123148,1.854E-05,1.854E-05,1.852E-05,1.855E-05,1.853E-05,1.856E-05,0,0,
638140291700129527,1.854E-05,1.854E-05,1.852E-05,1.855E-05,1.853E-05,1.855E-05,0,0,
638140291701170687,1.854E-05,1.854E-05,1.852E-05,1.855E-05,1.854E-05,1.855E-05,0,0,
638140291701173097,1.854E-05,1.854E-05,1.852E-05,1.855E-05,1.854E-05,1.856E-05,0,0,
638140291708074620,1.854E-05,1.854E-05,1.852E-05,1.855E-05,1.853E-05,1.856E-05,0,0,
638140291709183250,1.854E-05,1.854E-05,1.852E-05,1.855E-05,1.853E-05,1.855E-05,0,0,
638140291714248007,1.854E-05,1.854E-05,1.852E-05,1.855E-05,1.852E-05,1.854E-05,0,0,
638140291714248472,1.854E-05,1.854E-05,1.852E-05,1.855E-05,1.852E-05,1.854E-05,0,0,
638140291716144561,1.854E-05,1.854E-05,1.852E-05,1.855E-05,1.853E-05,1.854E-05,0,0,
638140291716148200,1.854E-05,1.854E-05,1.852E-05,1.855E-05,1.853E-05,1.855E-05,0,0,
638140291717101055,1.854E-05,1.854E-05,1.852E-05,1.855E-05,1.853E-05,1.854E-05,0,0,
638140291718220601,1.854E-05,1.854E-05,1.852E-05,1.855E-05,1.853E-05,1.855E-05,0,0,
638140291739097013,1.854E-05,1.854E-05,1.852E-05,1.855E-05,1.853E-05,1.854E-05,0,0,
638140291742113677,1.854E-05,1.854E-05,1.852E-05,1.855E-05,1.852E-05,1.854E-05,0,0,
638140291744151210,1.854E-05,1.854E-05,1.852E-05,1.855E-05,1.852E-05,1.855E-05,0,0,
638140291745106903,1.854E-05,1.854E-05,1.852E-05,1.855E-05,1.853E-05,1.855E-05,0,0,
638140291745109409,1.854E-05,1.854E-05,1.852E-05,1.855E-05,1.853E-05,1.854E-05,0,0,
638140291752189310,1.854E-05,1.854E-05,1.852E-05,1.855E-05,1.853E-05,1.855E-05,0,0,
